{
  "report_id": "RPT-20260227-164627",
  "generated_at": "2026-02-27T16:46:27.580173",
  "log_file": "Android_2k.log",
  "executive_summary": {
    "health_score": 5,
    "health_label": "Critical",
    "overall_action": "RESCALE",
    "urgency": "HIGH",
    "headline": "Resource constraints detected in Android_2k.log \u2014 scaling recommended"
  },
  "stats": {
    "total_entries": 2000,
    "anomaly_count": 1046,
    "anomaly_rate": 52.3,
    "critical_count": 7,
    "chains_detected": 2,
    "action_counts": {
      "ESCALATE": 0,
      "RESCALE": 213,
      "AUTO_FIX": 12,
      "MONITOR": 821
    }
  },
  "key_findings": [
    {
      "severity": "CRITICAL",
      "finding": "7 critical anomalies detected requiring immediate attention"
    },
    {
      "severity": "HIGH",
      "finding": "2 causal chain(s) identified \u2014 events are correlated, not isolated"
    },
    {
      "severity": "HIGH",
      "finding": "High anomaly rate: 52.3% of log entries are anomalous"
    },
    {
      "severity": "HIGH",
      "finding": "Resource scaling required \u2014 1 resource(s) need expansion"
    },
    {
      "severity": "LOW",
      "finding": "2 auto-fix action(s) executed successfully"
    }
  ],
  "recommendations": [
    {
      "priority": "CRITICAL",
      "rule_id": "PERF-001",
      "category": "performance",
      "root_cause": "HTTP response times are abnormally high. Server may be overloaded or a backend is slow.",
      "actions": [
        "1. Check server load: `top` and `uptime`",
        "2. Identify slow endpoints from access logs",
        "3. Check database query times \u2014 slow queries cause timeouts",
        "4. Enable Apache caching for static content",
        "5. Add a CDN for static assets",
        "6. Scale horizontally: add more web server instances",
        "7. Tune Apache workers: MaxRequestWorkers in httpd.conf",
        "8. Check backend services (DB, cache, APIs) for bottlenecks"
      ],
      "prevention": "Set response time SLAs, monitor P95/P99 latency, auto-scale on high load",
      "affects": 213
    },
    {
      "priority": "CRITICAL",
      "rule_id": "GEN-001",
      "category": "general",
      "root_cause": "Anomalous behavior detected by ML model. Specific root cause requires manual investigation.",
      "actions": [
        "1. Review the flagged log entries in detail",
        "2. Check system metrics at the time of the anomaly (CPU, RAM, Disk, Network)",
        "3. Look for correlated events in other services around the same time",
        "4. Check recent deployments or configuration changes",
        "5. Escalate to the relevant team if issue persists"
      ],
      "prevention": "Set up comprehensive monitoring and alerting for this service",
      "affects": 818
    }
  ],
  "escalations": [],
  "escalation_count": 0,
  "teams_to_notify": [
    "infrastructure",
    "ops"
  ],
  "executed_actions": [
    {
      "triggered_by": "HTTP response times are abnormally high. Server may be overloaded or a backend i",
      "action": "RESCALE",
      "script": "cpu",
      "result": {
        "action": "rescale_cpu",
        "status": "recommendation_generated",
        "resource": "cpu",
        "scale_by": "2x",
        "before": {
          "cpu_percent": 0,
          "memory_percent": 44.7,
          "memory_used_gb": 10.38,
          "memory_total_gb": 23.25,
          "disk_percent": 20.4,
          "disk_used_gb": 101.9,
          "disk_total_gb": 500,
          "disk_free_gb": 398.1
        },
        "cloud_commands": {
          "aws": [
            "# AWS \u2014 Upgrade to compute-optimized instance:",
            "aws ec2 stop-instances --instance-ids <INSTANCE_ID>",
            "aws ec2 modify-instance-attribute --instance-id <INSTANCE_ID> --instance-type '{\"Value\": \"c5.2xlarge\"}'",
            "aws ec2 start-instances --instance-ids <INSTANCE_ID>"
          ],
          "gcp": [
            "# GCP \u2014 Upgrade to high-CPU machine type:",
            "gcloud compute instances stop <INSTANCE_NAME>",
            "gcloud compute instances set-machine-type <INSTANCE_NAME> --machine-type c2-standard-8",
            "gcloud compute instances start <INSTANCE_NAME>"
          ],
          "local": [
            "# Local \u2014 Reduce CPU-heavy processes:",
            "ps aux --sort=-%cpu | head -10    # Find top CPU consumers",
            "renice +10 <PID>                   # Lower priority of heavy processes",
            "cpulimit -p <PID> -l 50            # Limit process to 50% CPU"
          ]
        },
        "message": "CPU scaling by 2x needed. See commands below.",
        "auto_executed": false
      }
    },
    {
      "triggered_by": "Android App Not Responding (ANR) \u2014 main thread blocked for >5 seconds.",
      "action": "AUTO_FIX",
      "script": "restart_service",
      "result": {
        "action": "restart_service",
        "status": "recommendation",
        "service": "echo-log",
        "message": "Windows detected \u2014 restart handled by launcher.py auto-recovery",
        "actions": [
          "Service 'echo-log' is a Python process on Windows.",
          "Recommended: check Task Manager for high-CPU/memory Python processes.",
          "If a module crashed, the launcher.py will auto-restart it."
        ],
        "before": {
          "cpu_percent": 0,
          "memory_percent": 44.7,
          "memory_used_gb": 10.38,
          "memory_total_gb": 23.25,
          "disk_percent": 20.4,
          "disk_used_gb": 101.9,
          "disk_total_gb": 500,
          "disk_free_gb": 398.1
        },
        "after": {
          "cpu_percent": 0,
          "memory_percent": 44.7,
          "memory_used_gb": 10.38,
          "memory_total_gb": 23.25,
          "disk_percent": 20.4,
          "disk_used_gb": 101.9,
          "disk_total_gb": 500,
          "disk_free_gb": 398.1
        }
      }
    }
  ],
  "rescale_details": [
    {
      "resource": "cpu",
      "scale_by": "2x",
      "reason": "Performance critical \u2014 scale up compute resources",
      "urgency": "HIGH"
    }
  ],
  "system_before": {
    "cpu_percent": 0,
    "memory_percent": 44.7,
    "memory_used_gb": 10.38,
    "memory_total_gb": 23.25,
    "disk_percent": 20.4,
    "disk_used_gb": 101.9,
    "disk_total_gb": 500,
    "disk_free_gb": 398.1
  },
  "system_after": {
    "cpu_percent": 0,
    "memory_percent": 44.6,
    "memory_used_gb": 10.37,
    "memory_total_gb": 23.25,
    "disk_percent": 20.4,
    "disk_used_gb": 101.9,
    "disk_total_gb": 500,
    "disk_free_gb": 398.1
  },
  "recovery_status": {
    "status": "stable",
    "message": "System metrics unchanged after remediation"
  }
}