{
  "report_id": "RPT-20260227-172944",
  "generated_at": "2026-02-27T17:29:44.585034",
  "log_file": "Apache_2k.log",
  "executive_summary": {
    "health_score": 0,
    "health_label": "Critical",
    "overall_action": "ESCALATE",
    "urgency": "IMMEDIATE",
    "headline": "\u26a0\ufe0f Immediate attention required \u2014 81 critical anomalies in Apache_2k.log"
  },
  "stats": {
    "total_entries": 2000,
    "anomaly_count": 1211,
    "anomaly_rate": 60.6,
    "critical_count": 81,
    "chains_detected": 0,
    "action_counts": {
      "ESCALATE": 8,
      "RESCALE": 6,
      "AUTO_FIX": 0,
      "MONITOR": 1197
    }
  },
  "key_findings": [
    {
      "severity": "CRITICAL",
      "finding": "81 critical anomalies detected requiring immediate attention"
    },
    {
      "severity": "HIGH",
      "finding": "High anomaly rate: 60.6% of log entries are anomalous"
    },
    {
      "severity": "CRITICAL",
      "finding": "Human escalation required \u2014 8 item(s) flagged for engineer review"
    },
    {
      "severity": "LOW",
      "finding": "1 auto-fix action(s) executed successfully"
    }
  ],
  "recommendations": [
    {
      "priority": "CRITICAL",
      "rule_id": "SEC-005",
      "category": "security",
      "root_cause": "Repeated unauthorized access attempts to restricted resources.",
      "actions": [
        "1. Identify the source IP making unauthorized requests",
        "2. Check if this is a misconfiguration or actual attack",
        "3. If attack: block IP at firewall or WAF level",
        "4. Review and tighten access control rules",
        "5. Enable rate limiting for the endpoint",
        "6. Check if any successful access occurred before blocking"
      ],
      "prevention": "Deploy WAF, implement rate limiting, review ACL rules regularly",
      "affects": 32
    },
    {
      "priority": "CRITICAL",
      "rule_id": "PERF-001",
      "category": "performance",
      "root_cause": "HTTP response times are abnormally high. Server may be overloaded or a backend is slow.",
      "actions": [
        "1. Check server load: `top` and `uptime`",
        "2. Identify slow endpoints from access logs",
        "3. Check database query times \u2014 slow queries cause timeouts",
        "4. Enable Apache caching for static content",
        "5. Add a CDN for static assets",
        "6. Scale horizontally: add more web server instances",
        "7. Tune Apache workers: MaxRequestWorkers in httpd.conf",
        "8. Check backend services (DB, cache, APIs) for bottlenecks"
      ],
      "prevention": "Set response time SLAs, monitor P95/P99 latency, auto-scale on high load",
      "affects": 6
    }
  ],
  "escalations": [
    {
      "line_number": 580,
      "severity": "CRITICAL",
      "root_cause": "Repeated unauthorized access attempts to restricted resources.",
      "reason": "Critical security incident requires immediate human response",
      "urgency": "IMMEDIATE",
      "team": "security"
    },
    {
      "line_number": 581,
      "severity": "CRITICAL",
      "root_cause": "Repeated unauthorized access attempts to restricted resources.",
      "reason": "Critical security incident requires immediate human response",
      "urgency": "IMMEDIATE",
      "team": "security"
    },
    {
      "line_number": 584,
      "severity": "CRITICAL",
      "root_cause": "Repeated unauthorized access attempts to restricted resources.",
      "reason": "Critical security incident requires immediate human response",
      "urgency": "IMMEDIATE",
      "team": "security"
    },
    {
      "line_number": 590,
      "severity": "CRITICAL",
      "root_cause": "Repeated unauthorized access attempts to restricted resources.",
      "reason": "Critical security incident requires immediate human response",
      "urgency": "IMMEDIATE",
      "team": "security"
    },
    {
      "line_number": 591,
      "severity": "CRITICAL",
      "root_cause": "Repeated unauthorized access attempts to restricted resources.",
      "reason": "Critical security incident requires immediate human response",
      "urgency": "IMMEDIATE",
      "team": "security"
    },
    {
      "line_number": 806,
      "severity": "CRITICAL",
      "root_cause": "Repeated unauthorized access attempts to restricted resources.",
      "reason": "Critical security incident requires immediate human response",
      "urgency": "IMMEDIATE",
      "team": "security"
    },
    {
      "line_number": 1080,
      "severity": "CRITICAL",
      "root_cause": "Repeated unauthorized access attempts to restricted resources.",
      "reason": "Critical security incident requires immediate human response",
      "urgency": "IMMEDIATE",
      "team": "security"
    },
    {
      "line_number": 1421,
      "severity": "CRITICAL",
      "root_cause": "Repeated unauthorized access attempts to restricted resources.",
      "reason": "Critical security incident requires immediate human response",
      "urgency": "IMMEDIATE",
      "team": "security"
    }
  ],
  "escalation_count": 8,
  "teams_to_notify": [
    "infrastructure",
    "security",
    "ops"
  ],
  "executed_actions": [
    {
      "triggered_by": "HTTP response times are abnormally high. Server may be overloaded or a backend i",
      "action": "RESCALE",
      "script": "cpu",
      "result": {
        "action": "rescale_cpu",
        "status": "recommendation_generated",
        "resource": "cpu",
        "scale_by": "2x",
        "before": {
          "cpu_percent": 1.9,
          "memory_percent": 45.6,
          "memory_used_gb": 10.61,
          "memory_total_gb": 23.25,
          "disk_percent": 20.4,
          "disk_used_gb": 101.9,
          "disk_total_gb": 500,
          "disk_free_gb": 398.1
        },
        "cloud_commands": {
          "aws": [
            "# AWS \u2014 Upgrade to compute-optimized instance:",
            "aws ec2 stop-instances --instance-ids <INSTANCE_ID>",
            "aws ec2 modify-instance-attribute --instance-id <INSTANCE_ID> --instance-type '{\"Value\": \"c5.2xlarge\"}'",
            "aws ec2 start-instances --instance-ids <INSTANCE_ID>"
          ],
          "gcp": [
            "# GCP \u2014 Upgrade to high-CPU machine type:",
            "gcloud compute instances stop <INSTANCE_NAME>",
            "gcloud compute instances set-machine-type <INSTANCE_NAME> --machine-type c2-standard-8",
            "gcloud compute instances start <INSTANCE_NAME>"
          ],
          "local": [
            "# Local \u2014 Reduce CPU-heavy processes:",
            "ps aux --sort=-%cpu | head -10    # Find top CPU consumers",
            "renice +10 <PID>                   # Lower priority of heavy processes",
            "cpulimit -p <PID> -l 50            # Limit process to 50% CPU"
          ]
        },
        "message": "CPU scaling by 2x needed. See commands below.",
        "auto_executed": false
      }
    }
  ],
  "rescale_details": [
    {
      "resource": "cpu",
      "scale_by": "2x",
      "reason": "Performance critical \u2014 scale up compute resources",
      "urgency": "HIGH"
    }
  ],
  "system_before": {
    "cpu_percent": 3,
    "memory_percent": 45.6,
    "memory_used_gb": 10.61,
    "memory_total_gb": 23.25,
    "disk_percent": 20.4,
    "disk_used_gb": 101.9,
    "disk_total_gb": 500,
    "disk_free_gb": 398.1
  },
  "system_after": {
    "cpu_percent": 2.4,
    "memory_percent": 45.6,
    "memory_used_gb": 10.61,
    "memory_total_gb": 23.25,
    "disk_percent": 20.4,
    "disk_used_gb": 101.9,
    "disk_total_gb": 500,
    "disk_free_gb": 398.1
  },
  "recovery_status": {
    "status": "improved",
    "message": "System metrics improved after remediation",
    "improvements": [
      "cpu_percent: 3.0% \u2192 2.4%"
    ]
  }
}