{
  "report_id": "RPT-20260227-012444",
  "generated_at": "2026-02-27T01:24:44.875910",
  "log_file": "BGL_2k.log",
  "executive_summary": {
    "health_score": 0,
    "health_label": "Critical",
    "overall_action": "ESCALATE",
    "urgency": "URGENT",
    "headline": "\u26a0\ufe0f Immediate attention required \u2014 34 critical anomalies in BGL_2k.log"
  },
  "stats": {
    "total_entries": 2000,
    "anomaly_count": 820,
    "anomaly_rate": 41.0,
    "critical_count": 34,
    "chains_detected": 4,
    "action_counts": {
      "ESCALATE": 174,
      "RESCALE": 360,
      "AUTO_FIX": 0,
      "MONITOR": 286
    }
  },
  "key_findings": [
    {
      "severity": "CRITICAL",
      "finding": "34 critical anomalies detected requiring immediate attention"
    },
    {
      "severity": "HIGH",
      "finding": "4 causal chain(s) identified \u2014 events are correlated, not isolated"
    },
    {
      "severity": "HIGH",
      "finding": "High anomaly rate: 41.0% of log entries are anomalous"
    },
    {
      "severity": "CRITICAL",
      "finding": "Human escalation required \u2014 174 item(s) flagged for engineer review"
    },
    {
      "severity": "LOW",
      "finding": "1 auto-fix action(s) executed successfully"
    }
  ],
  "recommendations": [
    {
      "priority": "CRITICAL",
      "rule_id": "PERF-001",
      "category": "performance",
      "root_cause": "HTTP response times are abnormally high. Server may be overloaded or a backend is slow.",
      "actions": [
        "1. Check server load: `top` and `uptime`",
        "2. Identify slow endpoints from access logs",
        "3. Check database query times \u2014 slow queries cause timeouts",
        "4. Enable Apache caching for static content",
        "5. Add a CDN for static assets",
        "6. Scale horizontally: add more web server instances",
        "7. Tune Apache workers: MaxRequestWorkers in httpd.conf",
        "8. Check backend services (DB, cache, APIs) for bottlenecks"
      ],
      "prevention": "Set response time SLAs, monitor P95/P99 latency, auto-scale on high load",
      "affects": 360
    },
    {
      "priority": "CRITICAL",
      "rule_id": "SEC-005",
      "category": "security",
      "root_cause": "Repeated unauthorized access attempts to restricted resources.",
      "actions": [
        "1. Identify the source IP making unauthorized requests",
        "2. Check if this is a misconfiguration or actual attack",
        "3. If attack: block IP at firewall or WAF level",
        "4. Review and tighten access control rules",
        "5. Enable rate limiting for the endpoint",
        "6. Check if any successful access occurred before blocking"
      ],
      "prevention": "Deploy WAF, implement rate limiting, review ACL rules regularly",
      "affects": 10
    }
  ],
  "escalations": [
    {
      "line_number": 1,
      "severity": "CRITICAL",
      "root_cause": "Kernel panic or kernel bug \u2014 the OS encountered an unrecoverable error and crashed.",
      "reason": "RCA rule flagged this for human escalation",
      "urgency": "URGENT",
      "team": "security"
    },
    {
      "line_number": 2,
      "severity": "CRITICAL",
      "root_cause": "Kernel panic or kernel bug \u2014 the OS encountered an unrecoverable error and crashed.",
      "reason": "RCA rule flagged this for human escalation",
      "urgency": "URGENT",
      "team": "security"
    },
    {
      "line_number": 3,
      "severity": "CRITICAL",
      "root_cause": "Kernel panic or kernel bug \u2014 the OS encountered an unrecoverable error and crashed.",
      "reason": "RCA rule flagged this for human escalation",
      "urgency": "URGENT",
      "team": "security"
    },
    {
      "line_number": 4,
      "severity": "CRITICAL",
      "root_cause": "Kernel panic or kernel bug \u2014 the OS encountered an unrecoverable error and crashed.",
      "reason": "RCA rule flagged this for human escalation",
      "urgency": "URGENT",
      "team": "security"
    },
    {
      "line_number": 59,
      "severity": "CRITICAL",
      "root_cause": "Kernel panic or kernel bug \u2014 the OS encountered an unrecoverable error and crashed.",
      "reason": "RCA rule flagged this for human escalation",
      "urgency": "URGENT",
      "team": "security"
    },
    {
      "line_number": 60,
      "severity": "CRITICAL",
      "root_cause": "Kernel panic or kernel bug \u2014 the OS encountered an unrecoverable error and crashed.",
      "reason": "RCA rule flagged this for human escalation",
      "urgency": "URGENT",
      "team": "security"
    },
    {
      "line_number": 61,
      "severity": "CRITICAL",
      "root_cause": "Kernel panic or kernel bug \u2014 the OS encountered an unrecoverable error and crashed.",
      "reason": "RCA rule flagged this for human escalation",
      "urgency": "URGENT",
      "team": "security"
    },
    {
      "line_number": 62,
      "severity": "CRITICAL",
      "root_cause": "Kernel panic or kernel bug \u2014 the OS encountered an unrecoverable error and crashed.",
      "reason": "RCA rule flagged this for human escalation",
      "urgency": "URGENT",
      "team": "security"
    },
    {
      "line_number": 63,
      "severity": "CRITICAL",
      "root_cause": "Kernel panic or kernel bug \u2014 the OS encountered an unrecoverable error and crashed.",
      "reason": "RCA rule flagged this for human escalation",
      "urgency": "URGENT",
      "team": "security"
    },
    {
      "line_number": 64,
      "severity": "CRITICAL",
      "root_cause": "Kernel panic or kernel bug \u2014 the OS encountered an unrecoverable error and crashed.",
      "reason": "RCA rule flagged this for human escalation",
      "urgency": "URGENT",
      "team": "security"
    },
    {
      "line_number": 65,
      "severity": "CRITICAL",
      "root_cause": "Kernel panic or kernel bug \u2014 the OS encountered an unrecoverable error and crashed.",
      "reason": "RCA rule flagged this for human escalation",
      "urgency": "URGENT",
      "team": "security"
    },
    {
      "line_number": 66,
      "severity": "CRITICAL",
      "root_cause": "Kernel panic or kernel bug \u2014 the OS encountered an unrecoverable error and crashed.",
      "reason": "RCA rule flagged this for human escalation",
      "urgency": "URGENT",
      "team": "security"
    },
    {
      "line_number": 89,
      "severity": "CRITICAL",
      "root_cause": "Kernel panic or kernel bug \u2014 the OS encountered an unrecoverable error and crashed.",
      "reason": "RCA rule flagged this for human escalation",
      "urgency": "URGENT",
      "team": "security"
    },
    {
      "line_number": 104,
      "severity": "CRITICAL",
      "root_cause": "Kernel panic or kernel bug \u2014 the OS encountered an unrecoverable error and crashed.",
      "reason": "RCA rule flagged this for human escalation",
      "urgency": "URGENT",
      "team": "security"
    },
    {
      "line_number": 105,
      "severity": "CRITICAL",
      "root_cause": "Kernel panic or kernel bug \u2014 the OS encountered an unrecoverable error and crashed.",
      "reason": "RCA rule flagged this for human escalation",
      "urgency": "URGENT",
      "team": "security"
    },
    {
      "line_number": 106,
      "severity": "CRITICAL",
      "root_cause": "Kernel panic or kernel bug \u2014 the OS encountered an unrecoverable error and crashed.",
      "reason": "RCA rule flagged this for human escalation",
      "urgency": "URGENT",
      "team": "security"
    },
    {
      "line_number": 107,
      "severity": "CRITICAL",
      "root_cause": "Kernel panic or kernel bug \u2014 the OS encountered an unrecoverable error and crashed.",
      "reason": "RCA rule flagged this for human escalation",
      "urgency": "URGENT",
      "team": "security"
    },
    {
      "line_number": 108,
      "severity": "CRITICAL",
      "root_cause": "Kernel panic or kernel bug \u2014 the OS encountered an unrecoverable error and crashed.",
      "reason": "RCA rule flagged this for human escalation",
      "urgency": "URGENT",
      "team": "security"
    },
    {
      "line_number": 109,
      "severity": "CRITICAL",
      "root_cause": "Kernel panic or kernel bug \u2014 the OS encountered an unrecoverable error and crashed.",
      "reason": "RCA rule flagged this for human escalation",
      "urgency": "URGENT",
      "team": "security"
    },
    {
      "line_number": 110,
      "severity": "CRITICAL",
      "root_cause": "Kernel panic or kernel bug \u2014 the OS encountered an unrecoverable error and crashed.",
      "reason": "RCA rule flagged this for human escalation",
      "urgency": "URGENT",
      "team": "security"
    },
    {
      "line_number": 111,
      "severity": "CRITICAL",
      "root_cause": "Kernel panic or kernel bug \u2014 the OS encountered an unrecoverable error and crashed.",
      "reason": "RCA rule flagged this for human escalation",
      "urgency": "URGENT",
      "team": "security"
    },
    {
      "line_number": 112,
      "severity": "CRITICAL",
      "root_cause": "Kernel panic or kernel bug \u2014 the OS encountered an unrecoverable error and crashed.",
      "reason": "RCA rule flagged this for human escalation",
      "urgency": "URGENT",
      "team": "security"
    },
    {
      "line_number": 113,
      "severity": "CRITICAL",
      "root_cause": "Kernel panic or kernel bug \u2014 the OS encountered an unrecoverable error and crashed.",
      "reason": "RCA rule flagged this for human escalation",
      "urgency": "URGENT",
      "team": "security"
    },
    {
      "line_number": 114,
      "severity": "CRITICAL",
      "root_cause": "Kernel panic or kernel bug \u2014 the OS encountered an unrecoverable error and crashed.",
      "reason": "RCA rule flagged this for human escalation",
      "urgency": "URGENT",
      "team": "security"
    },
    {
      "line_number": 115,
      "severity": "CRITICAL",
      "root_cause": "Kernel panic or kernel bug \u2014 the OS encountered an unrecoverable error and crashed.",
      "reason": "RCA rule flagged this for human escalation",
      "urgency": "URGENT",
      "team": "security"
    },
    {
      "line_number": 116,
      "severity": "CRITICAL",
      "root_cause": "Kernel panic or kernel bug \u2014 the OS encountered an unrecoverable error and crashed.",
      "reason": "RCA rule flagged this for human escalation",
      "urgency": "URGENT",
      "team": "security"
    },
    {
      "line_number": 117,
      "severity": "CRITICAL",
      "root_cause": "Kernel panic or kernel bug \u2014 the OS encountered an unrecoverable error and crashed.",
      "reason": "RCA rule flagged this for human escalation",
      "urgency": "URGENT",
      "team": "security"
    },
    {
      "line_number": 118,
      "severity": "CRITICAL",
      "root_cause": "Kernel panic or kernel bug \u2014 the OS encountered an unrecoverable error and crashed.",
      "reason": "RCA rule flagged this for human escalation",
      "urgency": "URGENT",
      "team": "security"
    },
    {
      "line_number": 119,
      "severity": "CRITICAL",
      "root_cause": "Kernel panic or kernel bug \u2014 the OS encountered an unrecoverable error and crashed.",
      "reason": "RCA rule flagged this for human escalation",
      "urgency": "URGENT",
      "team": "security"
    },
    {
      "line_number": 120,
      "severity": "CRITICAL",
      "root_cause": "Kernel panic or kernel bug \u2014 the OS encountered an unrecoverable error and crashed.",
      "reason": "RCA rule flagged this for human escalation",
      "urgency": "URGENT",
      "team": "security"
    },
    {
      "line_number": 121,
      "severity": "CRITICAL",
      "root_cause": "Kernel panic or kernel bug \u2014 the OS encountered an unrecoverable error and crashed.",
      "reason": "RCA rule flagged this for human escalation",
      "urgency": "URGENT",
      "team": "security"
    },
    {
      "line_number": 122,
      "severity": "CRITICAL",
      "root_cause": "Kernel panic or kernel bug \u2014 the OS encountered an unrecoverable error and crashed.",
      "reason": "RCA rule flagged this for human escalation",
      "urgency": "URGENT",
      "team": "security"
    },
    {
      "line_number": 123,
      "severity": "CRITICAL",
      "root_cause": "Kernel panic or kernel bug \u2014 the OS encountered an unrecoverable error and crashed.",
      "reason": "RCA rule flagged this for human escalation",
      "urgency": "URGENT",
      "team": "security"
    },
    {
      "line_number": 124,
      "severity": "CRITICAL",
      "root_cause": "Kernel panic or kernel bug \u2014 the OS encountered an unrecoverable error and crashed.",
      "reason": "RCA rule flagged this for human escalation",
      "urgency": "URGENT",
      "team": "security"
    },
    {
      "line_number": 125,
      "severity": "CRITICAL",
      "root_cause": "Kernel panic or kernel bug \u2014 the OS encountered an unrecoverable error and crashed.",
      "reason": "RCA rule flagged this for human escalation",
      "urgency": "URGENT",
      "team": "security"
    },
    {
      "line_number": 126,
      "severity": "CRITICAL",
      "root_cause": "Kernel panic or kernel bug \u2014 the OS encountered an unrecoverable error and crashed.",
      "reason": "RCA rule flagged this for human escalation",
      "urgency": "URGENT",
      "team": "security"
    },
    {
      "line_number": 127,
      "severity": "CRITICAL",
      "root_cause": "Kernel panic or kernel bug \u2014 the OS encountered an unrecoverable error and crashed.",
      "reason": "RCA rule flagged this for human escalation",
      "urgency": "URGENT",
      "team": "security"
    },
    {
      "line_number": 128,
      "severity": "CRITICAL",
      "root_cause": "Kernel panic or kernel bug \u2014 the OS encountered an unrecoverable error and crashed.",
      "reason": "RCA rule flagged this for human escalation",
      "urgency": "URGENT",
      "team": "security"
    },
    {
      "line_number": 129,
      "severity": "CRITICAL",
      "root_cause": "Kernel panic or kernel bug \u2014 the OS encountered an unrecoverable error and crashed.",
      "reason": "RCA rule flagged this for human escalation",
      "urgency": "URGENT",
      "team": "security"
    },
    {
      "line_number": 130,
      "severity": "CRITICAL",
      "root_cause": "Kernel panic or kernel bug \u2014 the OS encountered an unrecoverable error and crashed.",
      "reason": "RCA rule flagged this for human escalation",
      "urgency": "URGENT",
      "team": "security"
    },
    {
      "line_number": 131,
      "severity": "CRITICAL",
      "root_cause": "Kernel panic or kernel bug \u2014 the OS encountered an unrecoverable error and crashed.",
      "reason": "RCA rule flagged this for human escalation",
      "urgency": "URGENT",
      "team": "security"
    },
    {
      "line_number": 132,
      "severity": "CRITICAL",
      "root_cause": "Kernel panic or kernel bug \u2014 the OS encountered an unrecoverable error and crashed.",
      "reason": "RCA rule flagged this for human escalation",
      "urgency": "URGENT",
      "team": "security"
    },
    {
      "line_number": 133,
      "severity": "CRITICAL",
      "root_cause": "Kernel panic or kernel bug \u2014 the OS encountered an unrecoverable error and crashed.",
      "reason": "RCA rule flagged this for human escalation",
      "urgency": "URGENT",
      "team": "security"
    },
    {
      "line_number": 134,
      "severity": "CRITICAL",
      "root_cause": "Kernel panic or kernel bug \u2014 the OS encountered an unrecoverable error and crashed.",
      "reason": "RCA rule flagged this for human escalation",
      "urgency": "URGENT",
      "team": "security"
    },
    {
      "line_number": 135,
      "severity": "CRITICAL",
      "root_cause": "Kernel panic or kernel bug \u2014 the OS encountered an unrecoverable error and crashed.",
      "reason": "RCA rule flagged this for human escalation",
      "urgency": "URGENT",
      "team": "security"
    },
    {
      "line_number": 136,
      "severity": "CRITICAL",
      "root_cause": "Kernel panic or kernel bug \u2014 the OS encountered an unrecoverable error and crashed.",
      "reason": "RCA rule flagged this for human escalation",
      "urgency": "URGENT",
      "team": "security"
    },
    {
      "line_number": 137,
      "severity": "CRITICAL",
      "root_cause": "Kernel panic or kernel bug \u2014 the OS encountered an unrecoverable error and crashed.",
      "reason": "RCA rule flagged this for human escalation",
      "urgency": "URGENT",
      "team": "security"
    },
    {
      "line_number": 138,
      "severity": "CRITICAL",
      "root_cause": "Kernel panic or kernel bug \u2014 the OS encountered an unrecoverable error and crashed.",
      "reason": "RCA rule flagged this for human escalation",
      "urgency": "URGENT",
      "team": "security"
    },
    {
      "line_number": 139,
      "severity": "CRITICAL",
      "root_cause": "Kernel panic or kernel bug \u2014 the OS encountered an unrecoverable error and crashed.",
      "reason": "RCA rule flagged this for human escalation",
      "urgency": "URGENT",
      "team": "security"
    },
    {
      "line_number": 140,
      "severity": "CRITICAL",
      "root_cause": "Kernel panic or kernel bug \u2014 the OS encountered an unrecoverable error and crashed.",
      "reason": "RCA rule flagged this for human escalation",
      "urgency": "URGENT",
      "team": "security"
    },
    {
      "line_number": 141,
      "severity": "CRITICAL",
      "root_cause": "Kernel panic or kernel bug \u2014 the OS encountered an unrecoverable error and crashed.",
      "reason": "RCA rule flagged this for human escalation",
      "urgency": "URGENT",
      "team": "security"
    },
    {
      "line_number": 142,
      "severity": "CRITICAL",
      "root_cause": "Kernel panic or kernel bug \u2014 the OS encountered an unrecoverable error and crashed.",
      "reason": "RCA rule flagged this for human escalation",
      "urgency": "URGENT",
      "team": "security"
    },
    {
      "line_number": 143,
      "severity": "CRITICAL",
      "root_cause": "Kernel panic or kernel bug \u2014 the OS encountered an unrecoverable error and crashed.",
      "reason": "RCA rule flagged this for human escalation",
      "urgency": "URGENT",
      "team": "security"
    },
    {
      "line_number": 144,
      "severity": "CRITICAL",
      "root_cause": "Kernel panic or kernel bug \u2014 the OS encountered an unrecoverable error and crashed.",
      "reason": "RCA rule flagged this for human escalation",
      "urgency": "URGENT",
      "team": "security"
    },
    {
      "line_number": 145,
      "severity": "CRITICAL",
      "root_cause": "Kernel panic or kernel bug \u2014 the OS encountered an unrecoverable error and crashed.",
      "reason": "RCA rule flagged this for human escalation",
      "urgency": "URGENT",
      "team": "security"
    },
    {
      "line_number": 146,
      "severity": "CRITICAL",
      "root_cause": "Kernel panic or kernel bug \u2014 the OS encountered an unrecoverable error and crashed.",
      "reason": "RCA rule flagged this for human escalation",
      "urgency": "URGENT",
      "team": "security"
    },
    {
      "line_number": 147,
      "severity": "CRITICAL",
      "root_cause": "Kernel panic or kernel bug \u2014 the OS encountered an unrecoverable error and crashed.",
      "reason": "RCA rule flagged this for human escalation",
      "urgency": "URGENT",
      "team": "security"
    },
    {
      "line_number": 148,
      "severity": "CRITICAL",
      "root_cause": "Kernel panic or kernel bug \u2014 the OS encountered an unrecoverable error and crashed.",
      "reason": "RCA rule flagged this for human escalation",
      "urgency": "URGENT",
      "team": "security"
    },
    {
      "line_number": 149,
      "severity": "CRITICAL",
      "root_cause": "Kernel panic or kernel bug \u2014 the OS encountered an unrecoverable error and crashed.",
      "reason": "RCA rule flagged this for human escalation",
      "urgency": "URGENT",
      "team": "security"
    },
    {
      "line_number": 150,
      "severity": "CRITICAL",
      "root_cause": "Kernel panic or kernel bug \u2014 the OS encountered an unrecoverable error and crashed.",
      "reason": "RCA rule flagged this for human escalation",
      "urgency": "URGENT",
      "team": "security"
    },
    {
      "line_number": 151,
      "severity": "CRITICAL",
      "root_cause": "Kernel panic or kernel bug \u2014 the OS encountered an unrecoverable error and crashed.",
      "reason": "RCA rule flagged this for human escalation",
      "urgency": "URGENT",
      "team": "security"
    },
    {
      "line_number": 152,
      "severity": "CRITICAL",
      "root_cause": "Kernel panic or kernel bug \u2014 the OS encountered an unrecoverable error and crashed.",
      "reason": "RCA rule flagged this for human escalation",
      "urgency": "URGENT",
      "team": "security"
    },
    {
      "line_number": 153,
      "severity": "CRITICAL",
      "root_cause": "Kernel panic or kernel bug \u2014 the OS encountered an unrecoverable error and crashed.",
      "reason": "RCA rule flagged this for human escalation",
      "urgency": "URGENT",
      "team": "security"
    },
    {
      "line_number": 154,
      "severity": "CRITICAL",
      "root_cause": "Kernel panic or kernel bug \u2014 the OS encountered an unrecoverable error and crashed.",
      "reason": "RCA rule flagged this for human escalation",
      "urgency": "URGENT",
      "team": "security"
    },
    {
      "line_number": 155,
      "severity": "CRITICAL",
      "root_cause": "Kernel panic or kernel bug \u2014 the OS encountered an unrecoverable error and crashed.",
      "reason": "RCA rule flagged this for human escalation",
      "urgency": "URGENT",
      "team": "security"
    },
    {
      "line_number": 156,
      "severity": "CRITICAL",
      "root_cause": "Kernel panic or kernel bug \u2014 the OS encountered an unrecoverable error and crashed.",
      "reason": "RCA rule flagged this for human escalation",
      "urgency": "URGENT",
      "team": "security"
    },
    {
      "line_number": 157,
      "severity": "CRITICAL",
      "root_cause": "Kernel panic or kernel bug \u2014 the OS encountered an unrecoverable error and crashed.",
      "reason": "RCA rule flagged this for human escalation",
      "urgency": "URGENT",
      "team": "security"
    },
    {
      "line_number": 158,
      "severity": "CRITICAL",
      "root_cause": "Kernel panic or kernel bug \u2014 the OS encountered an unrecoverable error and crashed.",
      "reason": "RCA rule flagged this for human escalation",
      "urgency": "URGENT",
      "team": "security"
    },
    {
      "line_number": 159,
      "severity": "CRITICAL",
      "root_cause": "Kernel panic or kernel bug \u2014 the OS encountered an unrecoverable error and crashed.",
      "reason": "RCA rule flagged this for human escalation",
      "urgency": "URGENT",
      "team": "security"
    },
    {
      "line_number": 160,
      "severity": "CRITICAL",
      "root_cause": "Kernel panic or kernel bug \u2014 the OS encountered an unrecoverable error and crashed.",
      "reason": "RCA rule flagged this for human escalation",
      "urgency": "URGENT",
      "team": "security"
    },
    {
      "line_number": 161,
      "severity": "CRITICAL",
      "root_cause": "Kernel panic or kernel bug \u2014 the OS encountered an unrecoverable error and crashed.",
      "reason": "RCA rule flagged this for human escalation",
      "urgency": "URGENT",
      "team": "security"
    },
    {
      "line_number": 162,
      "severity": "CRITICAL",
      "root_cause": "Kernel panic or kernel bug \u2014 the OS encountered an unrecoverable error and crashed.",
      "reason": "RCA rule flagged this for human escalation",
      "urgency": "URGENT",
      "team": "security"
    },
    {
      "line_number": 163,
      "severity": "CRITICAL",
      "root_cause": "Kernel panic or kernel bug \u2014 the OS encountered an unrecoverable error and crashed.",
      "reason": "RCA rule flagged this for human escalation",
      "urgency": "URGENT",
      "team": "security"
    },
    {
      "line_number": 296,
      "severity": "CRITICAL",
      "root_cause": "Kernel panic or kernel bug \u2014 the OS encountered an unrecoverable error and crashed.",
      "reason": "RCA rule flagged this for human escalation",
      "urgency": "URGENT",
      "team": "security"
    },
    {
      "line_number": 315,
      "severity": "CRITICAL",
      "root_cause": "Kernel panic or kernel bug \u2014 the OS encountered an unrecoverable error and crashed.",
      "reason": "RCA rule flagged this for human escalation",
      "urgency": "URGENT",
      "team": "security"
    },
    {
      "line_number": 317,
      "severity": "CRITICAL",
      "root_cause": "Kernel panic or kernel bug \u2014 the OS encountered an unrecoverable error and crashed.",
      "reason": "RCA rule flagged this for human escalation",
      "urgency": "URGENT",
      "team": "security"
    },
    {
      "line_number": 318,
      "severity": "CRITICAL",
      "root_cause": "Kernel panic or kernel bug \u2014 the OS encountered an unrecoverable error and crashed.",
      "reason": "RCA rule flagged this for human escalation",
      "urgency": "URGENT",
      "team": "security"
    },
    {
      "line_number": 319,
      "severity": "CRITICAL",
      "root_cause": "Kernel panic or kernel bug \u2014 the OS encountered an unrecoverable error and crashed.",
      "reason": "RCA rule flagged this for human escalation",
      "urgency": "URGENT",
      "team": "security"
    },
    {
      "line_number": 320,
      "severity": "CRITICAL",
      "root_cause": "Kernel panic or kernel bug \u2014 the OS encountered an unrecoverable error and crashed.",
      "reason": "RCA rule flagged this for human escalation",
      "urgency": "URGENT",
      "team": "security"
    },
    {
      "line_number": 321,
      "severity": "CRITICAL",
      "root_cause": "Kernel panic or kernel bug \u2014 the OS encountered an unrecoverable error and crashed.",
      "reason": "RCA rule flagged this for human escalation",
      "urgency": "URGENT",
      "team": "security"
    },
    {
      "line_number": 322,
      "severity": "CRITICAL",
      "root_cause": "Kernel panic or kernel bug \u2014 the OS encountered an unrecoverable error and crashed.",
      "reason": "RCA rule flagged this for human escalation",
      "urgency": "URGENT",
      "team": "security"
    },
    {
      "line_number": 326,
      "severity": "CRITICAL",
      "root_cause": "Kernel panic or kernel bug \u2014 the OS encountered an unrecoverable error and crashed.",
      "reason": "RCA rule flagged this for human escalation",
      "urgency": "URGENT",
      "team": "security"
    },
    {
      "line_number": 327,
      "severity": "CRITICAL",
      "root_cause": "Kernel panic or kernel bug \u2014 the OS encountered an unrecoverable error and crashed.",
      "reason": "RCA rule flagged this for human escalation",
      "urgency": "URGENT",
      "team": "security"
    },
    {
      "line_number": 328,
      "severity": "CRITICAL",
      "root_cause": "Kernel panic or kernel bug \u2014 the OS encountered an unrecoverable error and crashed.",
      "reason": "RCA rule flagged this for human escalation",
      "urgency": "URGENT",
      "team": "security"
    },
    {
      "line_number": 329,
      "severity": "CRITICAL",
      "root_cause": "Kernel panic or kernel bug \u2014 the OS encountered an unrecoverable error and crashed.",
      "reason": "RCA rule flagged this for human escalation",
      "urgency": "URGENT",
      "team": "security"
    },
    {
      "line_number": 330,
      "severity": "CRITICAL",
      "root_cause": "Kernel panic or kernel bug \u2014 the OS encountered an unrecoverable error and crashed.",
      "reason": "RCA rule flagged this for human escalation",
      "urgency": "URGENT",
      "team": "security"
    },
    {
      "line_number": 331,
      "severity": "CRITICAL",
      "root_cause": "Kernel panic or kernel bug \u2014 the OS encountered an unrecoverable error and crashed.",
      "reason": "RCA rule flagged this for human escalation",
      "urgency": "URGENT",
      "team": "security"
    },
    {
      "line_number": 332,
      "severity": "CRITICAL",
      "root_cause": "Kernel panic or kernel bug \u2014 the OS encountered an unrecoverable error and crashed.",
      "reason": "RCA rule flagged this for human escalation",
      "urgency": "URGENT",
      "team": "security"
    },
    {
      "line_number": 334,
      "severity": "CRITICAL",
      "root_cause": "Kernel panic or kernel bug \u2014 the OS encountered an unrecoverable error and crashed.",
      "reason": "RCA rule flagged this for human escalation",
      "urgency": "URGENT",
      "team": "security"
    },
    {
      "line_number": 335,
      "severity": "CRITICAL",
      "root_cause": "Kernel panic or kernel bug \u2014 the OS encountered an unrecoverable error and crashed.",
      "reason": "RCA rule flagged this for human escalation",
      "urgency": "URGENT",
      "team": "security"
    },
    {
      "line_number": 347,
      "severity": "CRITICAL",
      "root_cause": "Kernel panic or kernel bug \u2014 the OS encountered an unrecoverable error and crashed.",
      "reason": "RCA rule flagged this for human escalation",
      "urgency": "URGENT",
      "team": "security"
    },
    {
      "line_number": 370,
      "severity": "CRITICAL",
      "root_cause": "Kernel panic or kernel bug \u2014 the OS encountered an unrecoverable error and crashed.",
      "reason": "RCA rule flagged this for human escalation",
      "urgency": "URGENT",
      "team": "security"
    },
    {
      "line_number": 371,
      "severity": "CRITICAL",
      "root_cause": "Kernel panic or kernel bug \u2014 the OS encountered an unrecoverable error and crashed.",
      "reason": "RCA rule flagged this for human escalation",
      "urgency": "URGENT",
      "team": "security"
    },
    {
      "line_number": 373,
      "severity": "CRITICAL",
      "root_cause": "Kernel panic or kernel bug \u2014 the OS encountered an unrecoverable error and crashed.",
      "reason": "RCA rule flagged this for human escalation",
      "urgency": "URGENT",
      "team": "security"
    },
    {
      "line_number": 431,
      "severity": "CRITICAL",
      "root_cause": "Kernel panic or kernel bug \u2014 the OS encountered an unrecoverable error and crashed.",
      "reason": "RCA rule flagged this for human escalation",
      "urgency": "URGENT",
      "team": "security"
    },
    {
      "line_number": 598,
      "severity": "CRITICAL",
      "root_cause": "Kernel panic or kernel bug \u2014 the OS encountered an unrecoverable error and crashed.",
      "reason": "RCA rule flagged this for human escalation",
      "urgency": "URGENT",
      "team": "security"
    },
    {
      "line_number": 823,
      "severity": "CRITICAL",
      "root_cause": "Kernel panic or kernel bug \u2014 the OS encountered an unrecoverable error and crashed.",
      "reason": "RCA rule flagged this for human escalation",
      "urgency": "URGENT",
      "team": "security"
    },
    {
      "line_number": 824,
      "severity": "CRITICAL",
      "root_cause": "Kernel panic or kernel bug \u2014 the OS encountered an unrecoverable error and crashed.",
      "reason": "RCA rule flagged this for human escalation",
      "urgency": "URGENT",
      "team": "security"
    },
    {
      "line_number": 838,
      "severity": "CRITICAL",
      "root_cause": "Kernel panic or kernel bug \u2014 the OS encountered an unrecoverable error and crashed.",
      "reason": "RCA rule flagged this for human escalation",
      "urgency": "URGENT",
      "team": "security"
    },
    {
      "line_number": 954,
      "severity": "CRITICAL",
      "root_cause": "Kernel panic or kernel bug \u2014 the OS encountered an unrecoverable error and crashed.",
      "reason": "RCA rule flagged this for human escalation",
      "urgency": "URGENT",
      "team": "security"
    },
    {
      "line_number": 1070,
      "severity": "CRITICAL",
      "root_cause": "Kernel panic or kernel bug \u2014 the OS encountered an unrecoverable error and crashed.",
      "reason": "RCA rule flagged this for human escalation",
      "urgency": "URGENT",
      "team": "security"
    },
    {
      "line_number": 1101,
      "severity": "CRITICAL",
      "root_cause": "Kernel panic or kernel bug \u2014 the OS encountered an unrecoverable error and crashed.",
      "reason": "RCA rule flagged this for human escalation",
      "urgency": "URGENT",
      "team": "security"
    },
    {
      "line_number": 1102,
      "severity": "CRITICAL",
      "root_cause": "Kernel panic or kernel bug \u2014 the OS encountered an unrecoverable error and crashed.",
      "reason": "RCA rule flagged this for human escalation",
      "urgency": "URGENT",
      "team": "security"
    },
    {
      "line_number": 1199,
      "severity": "CRITICAL",
      "root_cause": "Kernel panic or kernel bug \u2014 the OS encountered an unrecoverable error and crashed.",
      "reason": "RCA rule flagged this for human escalation",
      "urgency": "URGENT",
      "team": "security"
    },
    {
      "line_number": 1235,
      "severity": "CRITICAL",
      "root_cause": "Kernel panic or kernel bug \u2014 the OS encountered an unrecoverable error and crashed.",
      "reason": "RCA rule flagged this for human escalation",
      "urgency": "URGENT",
      "team": "security"
    },
    {
      "line_number": 1262,
      "severity": "CRITICAL",
      "root_cause": "Kernel panic or kernel bug \u2014 the OS encountered an unrecoverable error and crashed.",
      "reason": "RCA rule flagged this for human escalation",
      "urgency": "URGENT",
      "team": "security"
    },
    {
      "line_number": 1267,
      "severity": "CRITICAL",
      "root_cause": "Kernel panic or kernel bug \u2014 the OS encountered an unrecoverable error and crashed.",
      "reason": "RCA rule flagged this for human escalation",
      "urgency": "URGENT",
      "team": "security"
    },
    {
      "line_number": 1282,
      "severity": "CRITICAL",
      "root_cause": "Kernel panic or kernel bug \u2014 the OS encountered an unrecoverable error and crashed.",
      "reason": "RCA rule flagged this for human escalation",
      "urgency": "URGENT",
      "team": "security"
    },
    {
      "line_number": 1328,
      "severity": "CRITICAL",
      "root_cause": "Kernel panic or kernel bug \u2014 the OS encountered an unrecoverable error and crashed.",
      "reason": "RCA rule flagged this for human escalation",
      "urgency": "URGENT",
      "team": "security"
    },
    {
      "line_number": 1374,
      "severity": "CRITICAL",
      "root_cause": "Kernel panic or kernel bug \u2014 the OS encountered an unrecoverable error and crashed.",
      "reason": "RCA rule flagged this for human escalation",
      "urgency": "URGENT",
      "team": "security"
    },
    {
      "line_number": 1379,
      "severity": "CRITICAL",
      "root_cause": "Kernel panic or kernel bug \u2014 the OS encountered an unrecoverable error and crashed.",
      "reason": "RCA rule flagged this for human escalation",
      "urgency": "URGENT",
      "team": "security"
    },
    {
      "line_number": 1385,
      "severity": "CRITICAL",
      "root_cause": "Kernel panic or kernel bug \u2014 the OS encountered an unrecoverable error and crashed.",
      "reason": "RCA rule flagged this for human escalation",
      "urgency": "URGENT",
      "team": "security"
    },
    {
      "line_number": 1395,
      "severity": "CRITICAL",
      "root_cause": "Kernel panic or kernel bug \u2014 the OS encountered an unrecoverable error and crashed.",
      "reason": "RCA rule flagged this for human escalation",
      "urgency": "URGENT",
      "team": "security"
    },
    {
      "line_number": 1396,
      "severity": "CRITICAL",
      "root_cause": "Kernel panic or kernel bug \u2014 the OS encountered an unrecoverable error and crashed.",
      "reason": "RCA rule flagged this for human escalation",
      "urgency": "URGENT",
      "team": "security"
    },
    {
      "line_number": 1403,
      "severity": "CRITICAL",
      "root_cause": "Kernel panic or kernel bug \u2014 the OS encountered an unrecoverable error and crashed.",
      "reason": "RCA rule flagged this for human escalation",
      "urgency": "URGENT",
      "team": "security"
    },
    {
      "line_number": 1457,
      "severity": "CRITICAL",
      "root_cause": "Kernel panic or kernel bug \u2014 the OS encountered an unrecoverable error and crashed.",
      "reason": "RCA rule flagged this for human escalation",
      "urgency": "URGENT",
      "team": "security"
    },
    {
      "line_number": 1458,
      "severity": "CRITICAL",
      "root_cause": "Kernel panic or kernel bug \u2014 the OS encountered an unrecoverable error and crashed.",
      "reason": "RCA rule flagged this for human escalation",
      "urgency": "URGENT",
      "team": "security"
    },
    {
      "line_number": 1460,
      "severity": "CRITICAL",
      "root_cause": "Kernel panic or kernel bug \u2014 the OS encountered an unrecoverable error and crashed.",
      "reason": "RCA rule flagged this for human escalation",
      "urgency": "URGENT",
      "team": "security"
    },
    {
      "line_number": 1481,
      "severity": "CRITICAL",
      "root_cause": "Kernel panic or kernel bug \u2014 the OS encountered an unrecoverable error and crashed.",
      "reason": "RCA rule flagged this for human escalation",
      "urgency": "URGENT",
      "team": "security"
    },
    {
      "line_number": 1484,
      "severity": "CRITICAL",
      "root_cause": "Kernel panic or kernel bug \u2014 the OS encountered an unrecoverable error and crashed.",
      "reason": "RCA rule flagged this for human escalation",
      "urgency": "URGENT",
      "team": "security"
    },
    {
      "line_number": 1485,
      "severity": "CRITICAL",
      "root_cause": "Kernel panic or kernel bug \u2014 the OS encountered an unrecoverable error and crashed.",
      "reason": "RCA rule flagged this for human escalation",
      "urgency": "URGENT",
      "team": "security"
    },
    {
      "line_number": 1496,
      "severity": "CRITICAL",
      "root_cause": "Kernel panic or kernel bug \u2014 the OS encountered an unrecoverable error and crashed.",
      "reason": "RCA rule flagged this for human escalation",
      "urgency": "URGENT",
      "team": "security"
    },
    {
      "line_number": 1503,
      "severity": "CRITICAL",
      "root_cause": "Kernel panic or kernel bug \u2014 the OS encountered an unrecoverable error and crashed.",
      "reason": "RCA rule flagged this for human escalation",
      "urgency": "URGENT",
      "team": "security"
    },
    {
      "line_number": 1504,
      "severity": "CRITICAL",
      "root_cause": "Kernel panic or kernel bug \u2014 the OS encountered an unrecoverable error and crashed.",
      "reason": "RCA rule flagged this for human escalation",
      "urgency": "URGENT",
      "team": "security"
    },
    {
      "line_number": 1505,
      "severity": "CRITICAL",
      "root_cause": "Kernel panic or kernel bug \u2014 the OS encountered an unrecoverable error and crashed.",
      "reason": "RCA rule flagged this for human escalation",
      "urgency": "URGENT",
      "team": "security"
    },
    {
      "line_number": 1506,
      "severity": "CRITICAL",
      "root_cause": "Kernel panic or kernel bug \u2014 the OS encountered an unrecoverable error and crashed.",
      "reason": "RCA rule flagged this for human escalation",
      "urgency": "URGENT",
      "team": "security"
    },
    {
      "line_number": 1507,
      "severity": "CRITICAL",
      "root_cause": "Kernel panic or kernel bug \u2014 the OS encountered an unrecoverable error and crashed.",
      "reason": "RCA rule flagged this for human escalation",
      "urgency": "URGENT",
      "team": "security"
    },
    {
      "line_number": 1508,
      "severity": "CRITICAL",
      "root_cause": "Kernel panic or kernel bug \u2014 the OS encountered an unrecoverable error and crashed.",
      "reason": "RCA rule flagged this for human escalation",
      "urgency": "URGENT",
      "team": "security"
    },
    {
      "line_number": 1515,
      "severity": "CRITICAL",
      "root_cause": "Kernel panic or kernel bug \u2014 the OS encountered an unrecoverable error and crashed.",
      "reason": "RCA rule flagged this for human escalation",
      "urgency": "URGENT",
      "team": "security"
    },
    {
      "line_number": 1516,
      "severity": "CRITICAL",
      "root_cause": "Kernel panic or kernel bug \u2014 the OS encountered an unrecoverable error and crashed.",
      "reason": "RCA rule flagged this for human escalation",
      "urgency": "URGENT",
      "team": "security"
    },
    {
      "line_number": 1521,
      "severity": "CRITICAL",
      "root_cause": "Kernel panic or kernel bug \u2014 the OS encountered an unrecoverable error and crashed.",
      "reason": "RCA rule flagged this for human escalation",
      "urgency": "URGENT",
      "team": "security"
    },
    {
      "line_number": 1526,
      "severity": "CRITICAL",
      "root_cause": "Kernel panic or kernel bug \u2014 the OS encountered an unrecoverable error and crashed.",
      "reason": "RCA rule flagged this for human escalation",
      "urgency": "URGENT",
      "team": "security"
    },
    {
      "line_number": 1527,
      "severity": "CRITICAL",
      "root_cause": "Kernel panic or kernel bug \u2014 the OS encountered an unrecoverable error and crashed.",
      "reason": "RCA rule flagged this for human escalation",
      "urgency": "URGENT",
      "team": "security"
    },
    {
      "line_number": 1690,
      "severity": "CRITICAL",
      "root_cause": "Kernel panic or kernel bug \u2014 the OS encountered an unrecoverable error and crashed.",
      "reason": "RCA rule flagged this for human escalation",
      "urgency": "URGENT",
      "team": "security"
    },
    {
      "line_number": 1692,
      "severity": "CRITICAL",
      "root_cause": "Kernel panic or kernel bug \u2014 the OS encountered an unrecoverable error and crashed.",
      "reason": "RCA rule flagged this for human escalation",
      "urgency": "URGENT",
      "team": "security"
    },
    {
      "line_number": 1693,
      "severity": "CRITICAL",
      "root_cause": "Kernel panic or kernel bug \u2014 the OS encountered an unrecoverable error and crashed.",
      "reason": "RCA rule flagged this for human escalation",
      "urgency": "URGENT",
      "team": "security"
    },
    {
      "line_number": 1719,
      "severity": "CRITICAL",
      "root_cause": "Kernel panic or kernel bug \u2014 the OS encountered an unrecoverable error and crashed.",
      "reason": "RCA rule flagged this for human escalation",
      "urgency": "URGENT",
      "team": "security"
    },
    {
      "line_number": 1733,
      "severity": "CRITICAL",
      "root_cause": "Kernel panic or kernel bug \u2014 the OS encountered an unrecoverable error and crashed.",
      "reason": "RCA rule flagged this for human escalation",
      "urgency": "URGENT",
      "team": "security"
    },
    {
      "line_number": 1735,
      "severity": "CRITICAL",
      "root_cause": "Kernel panic or kernel bug \u2014 the OS encountered an unrecoverable error and crashed.",
      "reason": "RCA rule flagged this for human escalation",
      "urgency": "URGENT",
      "team": "security"
    },
    {
      "line_number": 1738,
      "severity": "CRITICAL",
      "root_cause": "Kernel panic or kernel bug \u2014 the OS encountered an unrecoverable error and crashed.",
      "reason": "RCA rule flagged this for human escalation",
      "urgency": "URGENT",
      "team": "security"
    },
    {
      "line_number": 1746,
      "severity": "CRITICAL",
      "root_cause": "Kernel panic or kernel bug \u2014 the OS encountered an unrecoverable error and crashed.",
      "reason": "RCA rule flagged this for human escalation",
      "urgency": "URGENT",
      "team": "security"
    },
    {
      "line_number": 1749,
      "severity": "CRITICAL",
      "root_cause": "Kernel panic or kernel bug \u2014 the OS encountered an unrecoverable error and crashed.",
      "reason": "RCA rule flagged this for human escalation",
      "urgency": "URGENT",
      "team": "security"
    },
    {
      "line_number": 1750,
      "severity": "CRITICAL",
      "root_cause": "Kernel panic or kernel bug \u2014 the OS encountered an unrecoverable error and crashed.",
      "reason": "RCA rule flagged this for human escalation",
      "urgency": "URGENT",
      "team": "security"
    },
    {
      "line_number": 1758,
      "severity": "CRITICAL",
      "root_cause": "Kernel panic or kernel bug \u2014 the OS encountered an unrecoverable error and crashed.",
      "reason": "RCA rule flagged this for human escalation",
      "urgency": "URGENT",
      "team": "security"
    },
    {
      "line_number": 1759,
      "severity": "CRITICAL",
      "root_cause": "Repeated unauthorized access attempts to restricted resources.",
      "reason": "Critical security incident requires immediate human response",
      "urgency": "IMMEDIATE",
      "team": "security"
    },
    {
      "line_number": 1760,
      "severity": "CRITICAL",
      "root_cause": "Kernel panic or kernel bug \u2014 the OS encountered an unrecoverable error and crashed.",
      "reason": "RCA rule flagged this for human escalation",
      "urgency": "URGENT",
      "team": "security"
    },
    {
      "line_number": 1761,
      "severity": "CRITICAL",
      "root_cause": "Kernel panic or kernel bug \u2014 the OS encountered an unrecoverable error and crashed.",
      "reason": "RCA rule flagged this for human escalation",
      "urgency": "URGENT",
      "team": "security"
    },
    {
      "line_number": 1770,
      "severity": "CRITICAL",
      "root_cause": "Physical hardware failure detected \u2014 CPU or memory hardware error.",
      "reason": "RCA rule flagged this for human escalation",
      "urgency": "URGENT",
      "team": "security"
    },
    {
      "line_number": 1771,
      "severity": "CRITICAL",
      "root_cause": "Physical hardware failure detected \u2014 CPU or memory hardware error.",
      "reason": "RCA rule flagged this for human escalation",
      "urgency": "URGENT",
      "team": "security"
    },
    {
      "line_number": 1772,
      "severity": "CRITICAL",
      "root_cause": "Physical hardware failure detected \u2014 CPU or memory hardware error.",
      "reason": "RCA rule flagged this for human escalation",
      "urgency": "URGENT",
      "team": "security"
    },
    {
      "line_number": 1773,
      "severity": "CRITICAL",
      "root_cause": "Physical hardware failure detected \u2014 CPU or memory hardware error.",
      "reason": "RCA rule flagged this for human escalation",
      "urgency": "URGENT",
      "team": "security"
    },
    {
      "line_number": 1774,
      "severity": "CRITICAL",
      "root_cause": "Physical hardware failure detected \u2014 CPU or memory hardware error.",
      "reason": "RCA rule flagged this for human escalation",
      "urgency": "URGENT",
      "team": "security"
    },
    {
      "line_number": 1775,
      "severity": "CRITICAL",
      "root_cause": "Physical hardware failure detected \u2014 CPU or memory hardware error.",
      "reason": "RCA rule flagged this for human escalation",
      "urgency": "URGENT",
      "team": "security"
    },
    {
      "line_number": 1776,
      "severity": "CRITICAL",
      "root_cause": "Physical hardware failure detected \u2014 CPU or memory hardware error.",
      "reason": "RCA rule flagged this for human escalation",
      "urgency": "URGENT",
      "team": "security"
    },
    {
      "line_number": 1933,
      "severity": "CRITICAL",
      "root_cause": "Kernel panic or kernel bug \u2014 the OS encountered an unrecoverable error and crashed.",
      "reason": "RCA rule flagged this for human escalation",
      "urgency": "URGENT",
      "team": "security"
    },
    {
      "line_number": 1943,
      "severity": "CRITICAL",
      "root_cause": "Kernel panic or kernel bug \u2014 the OS encountered an unrecoverable error and crashed.",
      "reason": "RCA rule flagged this for human escalation",
      "urgency": "URGENT",
      "team": "security"
    },
    {
      "line_number": 1945,
      "severity": "CRITICAL",
      "root_cause": "Kernel panic or kernel bug \u2014 the OS encountered an unrecoverable error and crashed.",
      "reason": "RCA rule flagged this for human escalation",
      "urgency": "URGENT",
      "team": "security"
    },
    {
      "line_number": 1962,
      "severity": "CRITICAL",
      "root_cause": "Kernel panic or kernel bug \u2014 the OS encountered an unrecoverable error and crashed.",
      "reason": "RCA rule flagged this for human escalation",
      "urgency": "URGENT",
      "team": "security"
    },
    {
      "line_number": 1963,
      "severity": "CRITICAL",
      "root_cause": "Kernel panic or kernel bug \u2014 the OS encountered an unrecoverable error and crashed.",
      "reason": "RCA rule flagged this for human escalation",
      "urgency": "URGENT",
      "team": "security"
    },
    {
      "line_number": 1972,
      "severity": "CRITICAL",
      "root_cause": "Kernel panic or kernel bug \u2014 the OS encountered an unrecoverable error and crashed.",
      "reason": "RCA rule flagged this for human escalation",
      "urgency": "URGENT",
      "team": "security"
    },
    {
      "line_number": 1976,
      "severity": "CRITICAL",
      "root_cause": "Kernel panic or kernel bug \u2014 the OS encountered an unrecoverable error and crashed.",
      "reason": "RCA rule flagged this for human escalation",
      "urgency": "URGENT",
      "team": "security"
    },
    {
      "line_number": 1979,
      "severity": "CRITICAL",
      "root_cause": "Kernel panic or kernel bug \u2014 the OS encountered an unrecoverable error and crashed.",
      "reason": "RCA rule flagged this for human escalation",
      "urgency": "URGENT",
      "team": "security"
    },
    {
      "line_number": 1980,
      "severity": "CRITICAL",
      "root_cause": "Kernel panic or kernel bug \u2014 the OS encountered an unrecoverable error and crashed.",
      "reason": "RCA rule flagged this for human escalation",
      "urgency": "URGENT",
      "team": "security"
    },
    {
      "line_number": 1983,
      "severity": "CRITICAL",
      "root_cause": "Kernel panic or kernel bug \u2014 the OS encountered an unrecoverable error and crashed.",
      "reason": "RCA rule flagged this for human escalation",
      "urgency": "URGENT",
      "team": "security"
    },
    {
      "line_number": 1985,
      "severity": "CRITICAL",
      "root_cause": "Kernel panic or kernel bug \u2014 the OS encountered an unrecoverable error and crashed.",
      "reason": "RCA rule flagged this for human escalation",
      "urgency": "URGENT",
      "team": "security"
    },
    {
      "line_number": 1986,
      "severity": "CRITICAL",
      "root_cause": "Kernel panic or kernel bug \u2014 the OS encountered an unrecoverable error and crashed.",
      "reason": "RCA rule flagged this for human escalation",
      "urgency": "URGENT",
      "team": "security"
    },
    {
      "line_number": 1992,
      "severity": "CRITICAL",
      "root_cause": "Kernel panic or kernel bug \u2014 the OS encountered an unrecoverable error and crashed.",
      "reason": "RCA rule flagged this for human escalation",
      "urgency": "URGENT",
      "team": "security"
    },
    {
      "line_number": 1993,
      "severity": "CRITICAL",
      "root_cause": "Kernel panic or kernel bug \u2014 the OS encountered an unrecoverable error and crashed.",
      "reason": "RCA rule flagged this for human escalation",
      "urgency": "URGENT",
      "team": "security"
    },
    {
      "line_number": 1994,
      "severity": "CRITICAL",
      "root_cause": "Kernel panic or kernel bug \u2014 the OS encountered an unrecoverable error and crashed.",
      "reason": "RCA rule flagged this for human escalation",
      "urgency": "URGENT",
      "team": "security"
    },
    {
      "line_number": 1995,
      "severity": "CRITICAL",
      "root_cause": "Kernel panic or kernel bug \u2014 the OS encountered an unrecoverable error and crashed.",
      "reason": "RCA rule flagged this for human escalation",
      "urgency": "URGENT",
      "team": "security"
    },
    {
      "line_number": 1996,
      "severity": "CRITICAL",
      "root_cause": "Kernel panic or kernel bug \u2014 the OS encountered an unrecoverable error and crashed.",
      "reason": "RCA rule flagged this for human escalation",
      "urgency": "URGENT",
      "team": "security"
    },
    {
      "line_number": 1997,
      "severity": "CRITICAL",
      "root_cause": "Kernel panic or kernel bug \u2014 the OS encountered an unrecoverable error and crashed.",
      "reason": "RCA rule flagged this for human escalation",
      "urgency": "URGENT",
      "team": "security"
    },
    {
      "line_number": 1998,
      "severity": "CRITICAL",
      "root_cause": "Kernel panic or kernel bug \u2014 the OS encountered an unrecoverable error and crashed.",
      "reason": "RCA rule flagged this for human escalation",
      "urgency": "URGENT",
      "team": "security"
    },
    {
      "line_number": 1999,
      "severity": "CRITICAL",
      "root_cause": "Kernel panic or kernel bug \u2014 the OS encountered an unrecoverable error and crashed.",
      "reason": "RCA rule flagged this for human escalation",
      "urgency": "URGENT",
      "team": "security"
    }
  ],
  "escalation_count": 174,
  "teams_to_notify": [
    "security",
    "ops",
    "infrastructure"
  ],
  "executed_actions": [
    {
      "triggered_by": "HTTP response times are abnormally high. Server may be overloaded or a backend i",
      "action": "RESCALE",
      "script": "cpu",
      "result": {
        "action": "rescale_cpu",
        "status": "recommendation_generated",
        "resource": "cpu",
        "scale_by": "2x",
        "before": {
          "cpu_percent": 2.3,
          "memory_percent": 32.8,
          "memory_used_gb": 7.62,
          "memory_total_gb": 23.25,
          "disk_percent": 20.4,
          "disk_used_gb": 101.86,
          "disk_total_gb": 500,
          "disk_free_gb": 398.14
        },
        "cloud_commands": {
          "aws": [
            "# AWS \u2014 Upgrade to compute-optimized instance:",
            "aws ec2 stop-instances --instance-ids <INSTANCE_ID>",
            "aws ec2 modify-instance-attribute --instance-id <INSTANCE_ID> --instance-type '{\"Value\": \"c5.2xlarge\"}'",
            "aws ec2 start-instances --instance-ids <INSTANCE_ID>"
          ],
          "gcp": [
            "# GCP \u2014 Upgrade to high-CPU machine type:",
            "gcloud compute instances stop <INSTANCE_NAME>",
            "gcloud compute instances set-machine-type <INSTANCE_NAME> --machine-type c2-standard-8",
            "gcloud compute instances start <INSTANCE_NAME>"
          ],
          "local": [
            "# Local \u2014 Reduce CPU-heavy processes:",
            "ps aux --sort=-%cpu | head -10    # Find top CPU consumers",
            "renice +10 <PID>                   # Lower priority of heavy processes",
            "cpulimit -p <PID> -l 50            # Limit process to 50% CPU"
          ]
        },
        "message": "CPU scaling by 2x needed. See commands below.",
        "auto_executed": false
      }
    }
  ],
  "rescale_details": [
    {
      "resource": "cpu",
      "scale_by": "2x",
      "reason": "Performance critical \u2014 scale up compute resources",
      "urgency": "HIGH"
    }
  ],
  "system_before": {
    "cpu_percent": 0.9,
    "memory_percent": 32.8,
    "memory_used_gb": 7.62,
    "memory_total_gb": 23.25,
    "disk_percent": 20.4,
    "disk_used_gb": 101.86,
    "disk_total_gb": 500,
    "disk_free_gb": 398.14
  },
  "system_after": {
    "cpu_percent": 2.5,
    "memory_percent": 32.8,
    "memory_used_gb": 7.62,
    "memory_total_gb": 23.25,
    "disk_percent": 20.4,
    "disk_used_gb": 101.86,
    "disk_total_gb": 500,
    "disk_free_gb": 398.14
  },
  "recovery_status": {
    "status": "degraded",
    "message": "System metrics worsened \u2014 escalation may be needed",
    "regressions": [
      "cpu_percent: 0.9% \u2192 2.5%"
    ]
  }
}