[
  {
    "log_file": "Android_2k.log",
    "total_entries": 2000,
    "anomaly_count": 1046,
    "critical_count": 7,
    "anomaly_rate": 0,
    "overall_action": "RESCALE",
    "run_id": "RUN-20260227-164558-0001",
    "timestamp": "2026-02-27T16:45:58.442506"
  },
  {
    "log_file": "Apache_2k.log",
    "total_entries": 2000,
    "anomaly_count": 1211,
    "critical_count": 81,
    "anomaly_rate": 0,
    "overall_action": "ESCALATE",
    "run_id": "RUN-20260227-165703-0002",
    "timestamp": "2026-02-27T16:57:03.856218"
  },
  {
    "log_file": "Apache_2k.log",
    "total_entries": 2000,
    "anomaly_count": 1211,
    "critical_count": 81,
    "anomaly_rate": 0,
    "overall_action": "ESCALATE",
    "run_id": "RUN-20260227-172850-0003",
    "timestamp": "2026-02-27T17:28:50.056681"
  },
  {
    "log_file": "Apache_2k.log",
    "total_entries": 2000,
    "anomaly_count": 1211,
    "critical_count": 81,
    "anomaly_rate": 0,
    "overall_action": "ESCALATE",
    "run_id": "RUN-20260227-174519-0004",
    "timestamp": "2026-02-27T17:45:19.350985"
  }
]