[
  {
    "batch_id": "ALERT-BATCH-20260224T003410",
    "timestamp": "2026-02-24T00:34:10.342714",
    "log_file": "OpenSSH_2k.log",
    "log_type": "OpenSSH",
    "total_entries": 2000,
    "anomaly_count": 1029,
    "critical_count": 0,
    "high_count": 5,
    "alerts": [
      {
        "alert_id": "ALERT-SSH_BRUTE_FO-20260224T003410",
        "timestamp": "2026-02-24T00:34:10.342714",
        "hostname": "TUFA15",
        "log_file": "OpenSSH_2k.log",
        "log_type": "OpenSSH",
        "severity": "HIGH",
        "status": "ACTIVE",
        "chain_id": "ssh_brute_force",
        "chain_name": "SSH Brute Force Escalation",
        "description": "Progressive SSH attack pattern",
        "confidence": 100,
        "warning_count": 487,
        "failure_count": 3,
        "max_score": 82.9,
        "action_required": "Block source IP immediately, enable fail2ban",
        "top_entity": "183.62.140.253",
        "top_entity_anomalies": 582,
        "summary": "\ud83d\udd34 [HIGH] SSH Brute Force Escalation \u2014 100% confidence. 487 warnings, 3 failures. Top offender: 183.62.140.253 (582 anomalies). Action: Block source IP immediately, enable fail2ban"
      },
      {
        "alert_id": "ALERT-MEMORY_EXHAU-20260224T003410",
        "timestamp": "2026-02-24T00:34:10.342714",
        "hostname": "TUFA15",
        "log_file": "OpenSSH_2k.log",
        "log_type": "OpenSSH",
        "severity": "MEDIUM",
        "status": "WARNING",
        "chain_id": "memory_exhaustion",
        "chain_name": "Memory Exhaustion Chain",
        "description": "Sequence leading to OOM kills",
        "confidence": 60,
        "warning_count": 12,
        "failure_count": 0,
        "max_score": 45.0,
        "action_required": "Restart memory-heavy processes or add swap space",
        "top_entity": "183.62.140.253",
        "top_entity_anomalies": 582,
        "summary": "\ud83d\udfe1 [MEDIUM] Memory Exhaustion Chain \u2014 60% confidence. 12 warnings, 0 failures. Top offender: 183.62.140.253 (582 anomalies). Action: Restart memory-heavy processes or add swap space"
      }
    ],
    "top_entities": [
      {
        "entity": "183.62.140.253",
        "anomaly_count": 582,
        "max_score": 67.22
      },
      {
        "entity": "187.141.143.180",
        "anomaly_count": 194,
        "max_score": 59.12
      },
      {
        "entity": "103.99.0.122",
        "anomaly_count": 57,
        "max_score": 50.6
      }
    ],
    "chains_detected": 2,
    "correlation_summary": "ACTIVE [HIGH]: SSH Brute Force Escalation is occurring now."
  }
]