{
  "status": "trained",
  "total_files": 50,
  "total_entries": 64000,
  "total_templates": 377,
  "feature_count": 25,
  "feature_keys": [
    "level_encoded",
    "is_error",
    "is_warning",
    "has_anomaly_keyword",
    "has_normal_keyword",
    "has_security_keyword",
    "has_connection_keyword",
    "status_code",
    "status_4xx",
    "status_5xx",
    "status_403",
    "status_404",
    "status_500",
    "status_502",
    "response_time",
    "response_size",
    "message_length",
    "is_sensitive_component",
    "has_ip",
    "ip_frequency",
    "ip_is_high_frequency",
    "url_sensitivity",
    "is_admin_endpoint",
    "dangerous_method_on_admin",
    "method_encoded"
  ],
  "log_type_breakdown": {
    "Android": 4000,
    "Apache": 4000,
    "BGL": 4000,
    "Hadoop": 4000,
    "HDFS": 4000,
    "HealthApp": 4000,
    "HPC": 4000,
    "Linux": 4000,
    "Mac": 4000,
    "OpenSSH": 4000,
    "OpenStack": 4000,
    "Proxifier": 4000,
    "Spark": 4000,
    "Thunderbird": 4000,
    "Windows": 4000,
    "Zookeeper": 4000
  },
  "files_trained_on": [
    "Android_2k.log",
    "Android_2k.log_structured.csv",
    "Android_2k.log_templates.csv",
    "Apache_2k.log",
    "Apache_2k.log_structured.csv",
    "Apache_2k.log_templates.csv",
    "BGL_2k.log",
    "BGL_2k.log_structured.csv",
    "BGL_2k.log_templates.csv",
    "BGL_templates.csv",
    "Hadoop_2k.log",
    "Hadoop_2k.log_structured.csv",
    "Hadoop_2k.log_templates.csv",
    "HDFS_2k.log",
    "HDFS_2k.log_structured.csv",
    "HDFS_2k.log_templates.csv",
    "HDFS_templates.csv",
    "HealthApp_2k.log",
    "HealthApp_2k.log_structured.csv",
    "HealthApp_2k.log_templates.csv",
    "HPC_2k.log",
    "HPC_2k.log_structured.csv",
    "HPC_2k.log_templates.csv",
    "Linux_2k.log",
    "Linux_2k.log_structured.csv",
    "Linux_2k.log_templates.csv",
    "Mac_2k.log",
    "Mac_2k.log_structured.csv",
    "Mac_2k.log_templates.csv",
    "OpenSSH_2k.log",
    "OpenSSH_2k.log_structured.csv",
    "OpenSSH_2k.log_templates.csv",
    "OpenStack_2k.log",
    "OpenStack_2k.log_structured.csv",
    "OpenStack_2k.log_templates.csv",
    "Proxifier_2k.log",
    "Proxifier_2k.log_structured.csv",
    "Proxifier_2k.log_templates.csv",
    "Spark_2k.log",
    "Spark_2k.log_structured.csv",
    "Spark_2k.log_templates.csv",
    "Thunderbird_2k.log",
    "Thunderbird_2k.log_structured.csv",
    "Thunderbird_2k.log_templates.csv",
    "Windows_2k.log",
    "Windows_2k.log_structured.csv",
    "Windows_2k.log_templates.csv",
    "Zookeeper_2k.log",
    "Zookeeper_2k.log_structured.csv",
    "Zookeeper_2k.log_templates.csv"
  ],
  "supported_log_types": [
    "HDFS",
    "Hadoop",
    "Spark",
    "Zookeeper",
    "BGL",
    "HPC",
    "Thunderbird",
    "Windows",
    "Linux",
    "Android",
    "HealthApp",
    "Apache",
    "OpenSSH",
    "OpenStack",
    "Mac",
    "Proxifier"
  ]
}