[
  {
    "timestamp": "2026-02-24T00:13:05.479992",
    "action": "rescale_cpu",
    "status": "recommendation_generated",
    "dry_run": false,
    "details": {
      "action": "rescale_cpu",
      "status": "recommendation_generated",
      "resource": "cpu",
      "scale_by": "2x",
      "before": {
        "cpu_percent": 2.4,
        "memory_percent": 57.1,
        "memory_used_gb": 13.28,
        "memory_total_gb": 23.25,
        "disk_percent": 20.4,
        "disk_used_gb": 101.79,
        "disk_total_gb": 500.0,
        "disk_free_gb": 398.21
      },
      "cloud_commands": {
        "aws": [
          "# AWS \u2014 Upgrade to compute-optimized instance:",
          "aws ec2 stop-instances --instance-ids <INSTANCE_ID>",
          "aws ec2 modify-instance-attribute --instance-id <INSTANCE_ID> --instance-type '{\"Value\": \"c5.2xlarge\"}'",
          "aws ec2 start-instances --instance-ids <INSTANCE_ID>"
        ],
        "gcp": [
          "# GCP \u2014 Upgrade to high-CPU machine type:",
          "gcloud compute instances stop <INSTANCE_NAME>",
          "gcloud compute instances set-machine-type <INSTANCE_NAME> --machine-type c2-standard-8",
          "gcloud compute instances start <INSTANCE_NAME>"
        ],
        "local": [
          "# Local \u2014 Reduce CPU-heavy processes:",
          "ps aux --sort=-%cpu | head -10    # Find top CPU consumers",
          "renice +10 <PID>                   # Lower priority of heavy processes",
          "cpulimit -p <PID> -l 50            # Limit process to 50% CPU"
        ]
      },
      "message": "CPU scaling by 2x needed. See commands below.",
      "auto_executed": false
    }
  },
  {
    "timestamp": "2026-02-24T00:54:47.192377",
    "action": "rescale_cpu",
    "status": "recommendation_generated",
    "dry_run": false,
    "details": {
      "action": "rescale_cpu",
      "status": "recommendation_generated",
      "resource": "cpu",
      "scale_by": "2x",
      "before": {
        "cpu_percent": 6.3,
        "memory_percent": 57.9,
        "memory_used_gb": 13.47,
        "memory_total_gb": 23.25,
        "disk_percent": 20.4,
        "disk_used_gb": 101.79,
        "disk_total_gb": 500.0,
        "disk_free_gb": 398.21
      },
      "cloud_commands": {
        "aws": [
          "# AWS \u2014 Upgrade to compute-optimized instance:",
          "aws ec2 stop-instances --instance-ids <INSTANCE_ID>",
          "aws ec2 modify-instance-attribute --instance-id <INSTANCE_ID> --instance-type '{\"Value\": \"c5.2xlarge\"}'",
          "aws ec2 start-instances --instance-ids <INSTANCE_ID>"
        ],
        "gcp": [
          "# GCP \u2014 Upgrade to high-CPU machine type:",
          "gcloud compute instances stop <INSTANCE_NAME>",
          "gcloud compute instances set-machine-type <INSTANCE_NAME> --machine-type c2-standard-8",
          "gcloud compute instances start <INSTANCE_NAME>"
        ],
        "local": [
          "# Local \u2014 Reduce CPU-heavy processes:",
          "ps aux --sort=-%cpu | head -10    # Find top CPU consumers",
          "renice +10 <PID>                   # Lower priority of heavy processes",
          "cpulimit -p <PID> -l 50            # Limit process to 50% CPU"
        ]
      },
      "message": "CPU scaling by 2x needed. See commands below.",
      "auto_executed": false
    }
  },
  {
    "timestamp": "2026-02-24T10:31:43.426794",
    "action": "rescale_cpu",
    "status": "recommendation_generated",
    "dry_run": false,
    "details": {
      "action": "rescale_cpu",
      "status": "recommendation_generated",
      "resource": "cpu",
      "scale_by": "2x",
      "before": {
        "cpu_percent": 7.4,
        "memory_percent": 50.5,
        "memory_used_gb": 11.73,
        "memory_total_gb": 23.25,
        "disk_percent": 20.4,
        "disk_used_gb": 101.79,
        "disk_total_gb": 500.0,
        "disk_free_gb": 398.21
      },
      "cloud_commands": {
        "aws": [
          "# AWS \u2014 Upgrade to compute-optimized instance:",
          "aws ec2 stop-instances --instance-ids <INSTANCE_ID>",
          "aws ec2 modify-instance-attribute --instance-id <INSTANCE_ID> --instance-type '{\"Value\": \"c5.2xlarge\"}'",
          "aws ec2 start-instances --instance-ids <INSTANCE_ID>"
        ],
        "gcp": [
          "# GCP \u2014 Upgrade to high-CPU machine type:",
          "gcloud compute instances stop <INSTANCE_NAME>",
          "gcloud compute instances set-machine-type <INSTANCE_NAME> --machine-type c2-standard-8",
          "gcloud compute instances start <INSTANCE_NAME>"
        ],
        "local": [
          "# Local \u2014 Reduce CPU-heavy processes:",
          "ps aux --sort=-%cpu | head -10    # Find top CPU consumers",
          "renice +10 <PID>                   # Lower priority of heavy processes",
          "cpulimit -p <PID> -l 50            # Limit process to 50% CPU"
        ]
      },
      "message": "CPU scaling by 2x needed. See commands below.",
      "auto_executed": false
    }
  },
  {
    "timestamp": "2026-02-24T10:31:45.485472",
    "action": "restart_service",
    "status": "failed",
    "dry_run": false,
    "details": {
      "action": "restart_service",
      "status": "failed",
      "service": "echo-log",
      "return_code": 2,
      "stdout": "",
      "stderr": "The service name is invalid.\n\nMore help is available by typing NET HELPMSG 2185.\n\n",
      "before": {
        "cpu_percent": 5.9,
        "memory_percent": 50.6,
        "memory_used_gb": 11.75,
        "memory_total_gb": 23.25,
        "disk_percent": 20.4,
        "disk_used_gb": 101.79,
        "disk_total_gb": 500.0,
        "disk_free_gb": 398.21
      },
      "after": {
        "cpu_percent": 4.6,
        "memory_percent": 50.5,
        "memory_used_gb": 11.75,
        "memory_total_gb": 23.25,
        "disk_percent": 20.4,
        "disk_used_gb": 101.79,
        "disk_total_gb": 500.0,
        "disk_free_gb": 398.21
      }
    }
  },
  {
    "timestamp": "2026-02-24T10:34:05.679797",
    "action": "rescale_cpu",
    "status": "recommendation_generated",
    "dry_run": false,
    "details": {
      "action": "rescale_cpu",
      "status": "recommendation_generated",
      "resource": "cpu",
      "scale_by": "2x",
      "before": {
        "cpu_percent": 5.2,
        "memory_percent": 50.2,
        "memory_used_gb": 11.66,
        "memory_total_gb": 23.25,
        "disk_percent": 20.4,
        "disk_used_gb": 101.79,
        "disk_total_gb": 500.0,
        "disk_free_gb": 398.21
      },
      "cloud_commands": {
        "aws": [
          "# AWS \u2014 Upgrade to compute-optimized instance:",
          "aws ec2 stop-instances --instance-ids <INSTANCE_ID>",
          "aws ec2 modify-instance-attribute --instance-id <INSTANCE_ID> --instance-type '{\"Value\": \"c5.2xlarge\"}'",
          "aws ec2 start-instances --instance-ids <INSTANCE_ID>"
        ],
        "gcp": [
          "# GCP \u2014 Upgrade to high-CPU machine type:",
          "gcloud compute instances stop <INSTANCE_NAME>",
          "gcloud compute instances set-machine-type <INSTANCE_NAME> --machine-type c2-standard-8",
          "gcloud compute instances start <INSTANCE_NAME>"
        ],
        "local": [
          "# Local \u2014 Reduce CPU-heavy processes:",
          "ps aux --sort=-%cpu | head -10    # Find top CPU consumers",
          "renice +10 <PID>                   # Lower priority of heavy processes",
          "cpulimit -p <PID> -l 50            # Limit process to 50% CPU"
        ]
      },
      "message": "CPU scaling by 2x needed. See commands below.",
      "auto_executed": false
    }
  },
  {
    "timestamp": "2026-02-24T10:34:07.708352",
    "action": "restart_service",
    "status": "failed",
    "dry_run": false,
    "details": {
      "action": "restart_service",
      "status": "failed",
      "service": "echo-log",
      "return_code": 2,
      "stdout": "",
      "stderr": "The service name is invalid.\n\nMore help is available by typing NET HELPMSG 2185.\n\n",
      "before": {
        "cpu_percent": 4.6,
        "memory_percent": 50.2,
        "memory_used_gb": 11.66,
        "memory_total_gb": 23.25,
        "disk_percent": 20.4,
        "disk_used_gb": 101.79,
        "disk_total_gb": 500.0,
        "disk_free_gb": 398.21
      },
      "after": {
        "cpu_percent": 8.0,
        "memory_percent": 50.2,
        "memory_used_gb": 11.66,
        "memory_total_gb": 23.25,
        "disk_percent": 20.4,
        "disk_used_gb": 101.79,
        "disk_total_gb": 500.0,
        "disk_free_gb": 398.21
      }
    }
  },
  {
    "timestamp": "2026-02-24T12:23:32.903812",
    "action": "rescale_cpu",
    "status": "recommendation_generated",
    "dry_run": false,
    "details": {
      "action": "rescale_cpu",
      "status": "recommendation_generated",
      "resource": "cpu",
      "scale_by": "2x",
      "before": {
        "cpu_percent": 3.5,
        "memory_percent": 51.9,
        "memory_used_gb": 12.07,
        "memory_total_gb": 23.25,
        "disk_percent": 20.4,
        "disk_used_gb": 101.79,
        "disk_total_gb": 500.0,
        "disk_free_gb": 398.21
      },
      "cloud_commands": {
        "aws": [
          "# AWS \u2014 Upgrade to compute-optimized instance:",
          "aws ec2 stop-instances --instance-ids <INSTANCE_ID>",
          "aws ec2 modify-instance-attribute --instance-id <INSTANCE_ID> --instance-type '{\"Value\": \"c5.2xlarge\"}'",
          "aws ec2 start-instances --instance-ids <INSTANCE_ID>"
        ],
        "gcp": [
          "# GCP \u2014 Upgrade to high-CPU machine type:",
          "gcloud compute instances stop <INSTANCE_NAME>",
          "gcloud compute instances set-machine-type <INSTANCE_NAME> --machine-type c2-standard-8",
          "gcloud compute instances start <INSTANCE_NAME>"
        ],
        "local": [
          "# Local \u2014 Reduce CPU-heavy processes:",
          "ps aux --sort=-%cpu | head -10    # Find top CPU consumers",
          "renice +10 <PID>                   # Lower priority of heavy processes",
          "cpulimit -p <PID> -l 50            # Limit process to 50% CPU"
        ]
      },
      "message": "CPU scaling by 2x needed. See commands below.",
      "auto_executed": false
    }
  },
  {
    "timestamp": "2026-02-24T12:23:34.921320",
    "action": "restart_service",
    "status": "recommendation",
    "dry_run": false,
    "details": {
      "action": "restart_service",
      "status": "recommendation",
      "service": "echo-log",
      "message": "Windows detected \u2014 restart handled by launcher.py auto-recovery",
      "actions": [
        "Service 'echo-log' is a Python process on Windows.",
        "Recommended: check Task Manager for high-CPU/memory Python processes.",
        "If a module crashed, the launcher.py will auto-restart it."
      ],
      "before": {
        "cpu_percent": 2.7,
        "memory_percent": 51.9,
        "memory_used_gb": 12.08,
        "memory_total_gb": 23.25,
        "disk_percent": 20.4,
        "disk_used_gb": 101.79,
        "disk_total_gb": 500.0,
        "disk_free_gb": 398.21
      },
      "after": {
        "cpu_percent": 4.4,
        "memory_percent": 51.9,
        "memory_used_gb": 12.07,
        "memory_total_gb": 23.25,
        "disk_percent": 20.4,
        "disk_used_gb": 101.79,
        "disk_total_gb": 500.0,
        "disk_free_gb": 398.21
      }
    }
  },
  {
    "timestamp": "2026-02-24T13:41:18.443893",
    "action": "rescale_cpu",
    "status": "recommendation_generated",
    "dry_run": false,
    "details": {
      "action": "rescale_cpu",
      "status": "recommendation_generated",
      "resource": "cpu",
      "scale_by": "2x",
      "before": {
        "cpu_percent": 1.7,
        "memory_percent": 49.3,
        "memory_used_gb": 11.46,
        "memory_total_gb": 23.25,
        "disk_percent": 20.4,
        "disk_used_gb": 101.79,
        "disk_total_gb": 500.0,
        "disk_free_gb": 398.21
      },
      "cloud_commands": {
        "aws": [
          "# AWS \u2014 Upgrade to compute-optimized instance:",
          "aws ec2 stop-instances --instance-ids <INSTANCE_ID>",
          "aws ec2 modify-instance-attribute --instance-id <INSTANCE_ID> --instance-type '{\"Value\": \"c5.2xlarge\"}'",
          "aws ec2 start-instances --instance-ids <INSTANCE_ID>"
        ],
        "gcp": [
          "# GCP \u2014 Upgrade to high-CPU machine type:",
          "gcloud compute instances stop <INSTANCE_NAME>",
          "gcloud compute instances set-machine-type <INSTANCE_NAME> --machine-type c2-standard-8",
          "gcloud compute instances start <INSTANCE_NAME>"
        ],
        "local": [
          "# Local \u2014 Reduce CPU-heavy processes:",
          "ps aux --sort=-%cpu | head -10    # Find top CPU consumers",
          "renice +10 <PID>                   # Lower priority of heavy processes",
          "cpulimit -p <PID> -l 50            # Limit process to 50% CPU"
        ]
      },
      "message": "CPU scaling by 2x needed. See commands below.",
      "auto_executed": false
    }
  },
  {
    "timestamp": "2026-02-24T13:52:09.996386",
    "action": "rescale_cpu",
    "status": "recommendation_generated",
    "dry_run": false,
    "details": {
      "action": "rescale_cpu",
      "status": "recommendation_generated",
      "resource": "cpu",
      "scale_by": "2x",
      "before": {
        "cpu_percent": 5.4,
        "memory_percent": 48.9,
        "memory_used_gb": 11.37,
        "memory_total_gb": 23.25,
        "disk_percent": 20.4,
        "disk_used_gb": 101.79,
        "disk_total_gb": 500.0,
        "disk_free_gb": 398.21
      },
      "cloud_commands": {
        "aws": [
          "# AWS \u2014 Upgrade to compute-optimized instance:",
          "aws ec2 stop-instances --instance-ids <INSTANCE_ID>",
          "aws ec2 modify-instance-attribute --instance-id <INSTANCE_ID> --instance-type '{\"Value\": \"c5.2xlarge\"}'",
          "aws ec2 start-instances --instance-ids <INSTANCE_ID>"
        ],
        "gcp": [
          "# GCP \u2014 Upgrade to high-CPU machine type:",
          "gcloud compute instances stop <INSTANCE_NAME>",
          "gcloud compute instances set-machine-type <INSTANCE_NAME> --machine-type c2-standard-8",
          "gcloud compute instances start <INSTANCE_NAME>"
        ],
        "local": [
          "# Local \u2014 Reduce CPU-heavy processes:",
          "ps aux --sort=-%cpu | head -10    # Find top CPU consumers",
          "renice +10 <PID>                   # Lower priority of heavy processes",
          "cpulimit -p <PID> -l 50            # Limit process to 50% CPU"
        ]
      },
      "message": "CPU scaling by 2x needed. See commands below.",
      "auto_executed": false
    }
  },
  {
    "timestamp": "2026-02-24T14:29:20.410321",
    "action": "rescale_cpu",
    "status": "recommendation_generated",
    "dry_run": false,
    "details": {
      "action": "rescale_cpu",
      "status": "recommendation_generated",
      "resource": "cpu",
      "scale_by": "2x",
      "before": {
        "cpu_percent": 3.3,
        "memory_percent": 54.1,
        "memory_used_gb": 12.58,
        "memory_total_gb": 23.25,
        "disk_percent": 20.4,
        "disk_used_gb": 101.79,
        "disk_total_gb": 500.0,
        "disk_free_gb": 398.21
      },
      "cloud_commands": {
        "aws": [
          "# AWS \u2014 Upgrade to compute-optimized instance:",
          "aws ec2 stop-instances --instance-ids <INSTANCE_ID>",
          "aws ec2 modify-instance-attribute --instance-id <INSTANCE_ID> --instance-type '{\"Value\": \"c5.2xlarge\"}'",
          "aws ec2 start-instances --instance-ids <INSTANCE_ID>"
        ],
        "gcp": [
          "# GCP \u2014 Upgrade to high-CPU machine type:",
          "gcloud compute instances stop <INSTANCE_NAME>",
          "gcloud compute instances set-machine-type <INSTANCE_NAME> --machine-type c2-standard-8",
          "gcloud compute instances start <INSTANCE_NAME>"
        ],
        "local": [
          "# Local \u2014 Reduce CPU-heavy processes:",
          "ps aux --sort=-%cpu | head -10    # Find top CPU consumers",
          "renice +10 <PID>                   # Lower priority of heavy processes",
          "cpulimit -p <PID> -l 50            # Limit process to 50% CPU"
        ]
      },
      "message": "CPU scaling by 2x needed. See commands below.",
      "auto_executed": false
    }
  },
  {
    "timestamp": "2026-02-26T20:30:56.236447",
    "action": "rescale_cpu",
    "status": "recommendation_generated",
    "dry_run": false,
    "details": {
      "action": "rescale_cpu",
      "status": "recommendation_generated",
      "resource": "cpu",
      "scale_by": "2x",
      "before": {
        "cpu_percent": 1.7,
        "memory_percent": 44.1,
        "memory_used_gb": 10.24,
        "memory_total_gb": 23.25,
        "disk_percent": 20.4,
        "disk_used_gb": 101.79,
        "disk_total_gb": 500.0,
        "disk_free_gb": 398.21
      },
      "cloud_commands": {
        "aws": [
          "# AWS \u2014 Upgrade to compute-optimized instance:",
          "aws ec2 stop-instances --instance-ids <INSTANCE_ID>",
          "aws ec2 modify-instance-attribute --instance-id <INSTANCE_ID> --instance-type '{\"Value\": \"c5.2xlarge\"}'",
          "aws ec2 start-instances --instance-ids <INSTANCE_ID>"
        ],
        "gcp": [
          "# GCP \u2014 Upgrade to high-CPU machine type:",
          "gcloud compute instances stop <INSTANCE_NAME>",
          "gcloud compute instances set-machine-type <INSTANCE_NAME> --machine-type c2-standard-8",
          "gcloud compute instances start <INSTANCE_NAME>"
        ],
        "local": [
          "# Local \u2014 Reduce CPU-heavy processes:",
          "ps aux --sort=-%cpu | head -10    # Find top CPU consumers",
          "renice +10 <PID>                   # Lower priority of heavy processes",
          "cpulimit -p <PID> -l 50            # Limit process to 50% CPU"
        ]
      },
      "message": "CPU scaling by 2x needed. See commands below.",
      "auto_executed": false
    }
  },
  {
    "timestamp": "2026-02-26T20:37:57.238012",
    "action": "rescale_cpu",
    "status": "recommendation_generated",
    "dry_run": false,
    "details": {
      "action": "rescale_cpu",
      "status": "recommendation_generated",
      "resource": "cpu",
      "scale_by": "2x",
      "before": {
        "cpu_percent": 3.7,
        "memory_percent": 44.5,
        "memory_used_gb": 10.34,
        "memory_total_gb": 23.25,
        "disk_percent": 20.4,
        "disk_used_gb": 101.79,
        "disk_total_gb": 500.0,
        "disk_free_gb": 398.21
      },
      "cloud_commands": {
        "aws": [
          "# AWS \u2014 Upgrade to compute-optimized instance:",
          "aws ec2 stop-instances --instance-ids <INSTANCE_ID>",
          "aws ec2 modify-instance-attribute --instance-id <INSTANCE_ID> --instance-type '{\"Value\": \"c5.2xlarge\"}'",
          "aws ec2 start-instances --instance-ids <INSTANCE_ID>"
        ],
        "gcp": [
          "# GCP \u2014 Upgrade to high-CPU machine type:",
          "gcloud compute instances stop <INSTANCE_NAME>",
          "gcloud compute instances set-machine-type <INSTANCE_NAME> --machine-type c2-standard-8",
          "gcloud compute instances start <INSTANCE_NAME>"
        ],
        "local": [
          "# Local \u2014 Reduce CPU-heavy processes:",
          "ps aux --sort=-%cpu | head -10    # Find top CPU consumers",
          "renice +10 <PID>                   # Lower priority of heavy processes",
          "cpulimit -p <PID> -l 50            # Limit process to 50% CPU"
        ]
      },
      "message": "CPU scaling by 2x needed. See commands below.",
      "auto_executed": false
    }
  },
  {
    "timestamp": "2026-02-26T20:58:58.907178",
    "action": "rescale_cpu",
    "status": "recommendation_generated",
    "dry_run": false,
    "details": {
      "action": "rescale_cpu",
      "status": "recommendation_generated",
      "resource": "cpu",
      "scale_by": "2x",
      "before": {
        "cpu_percent": 1.1,
        "memory_percent": 45.9,
        "memory_used_gb": 10.66,
        "memory_total_gb": 23.25,
        "disk_percent": 20.4,
        "disk_used_gb": 101.82,
        "disk_total_gb": 500.0,
        "disk_free_gb": 398.18
      },
      "cloud_commands": {
        "aws": [
          "# AWS \u2014 Upgrade to compute-optimized instance:",
          "aws ec2 stop-instances --instance-ids <INSTANCE_ID>",
          "aws ec2 modify-instance-attribute --instance-id <INSTANCE_ID> --instance-type '{\"Value\": \"c5.2xlarge\"}'",
          "aws ec2 start-instances --instance-ids <INSTANCE_ID>"
        ],
        "gcp": [
          "# GCP \u2014 Upgrade to high-CPU machine type:",
          "gcloud compute instances stop <INSTANCE_NAME>",
          "gcloud compute instances set-machine-type <INSTANCE_NAME> --machine-type c2-standard-8",
          "gcloud compute instances start <INSTANCE_NAME>"
        ],
        "local": [
          "# Local \u2014 Reduce CPU-heavy processes:",
          "ps aux --sort=-%cpu | head -10    # Find top CPU consumers",
          "renice +10 <PID>                   # Lower priority of heavy processes",
          "cpulimit -p <PID> -l 50            # Limit process to 50% CPU"
        ]
      },
      "message": "CPU scaling by 2x needed. See commands below.",
      "auto_executed": false
    }
  },
  {
    "timestamp": "2026-02-26T21:46:32.995783",
    "action": "rescale_cpu",
    "status": "recommendation_generated",
    "dry_run": false,
    "details": {
      "action": "rescale_cpu",
      "status": "recommendation_generated",
      "resource": "cpu",
      "scale_by": "2x",
      "before": {
        "cpu_percent": 1.9,
        "memory_percent": 42.5,
        "memory_used_gb": 9.89,
        "memory_total_gb": 23.25,
        "disk_percent": 20.4,
        "disk_used_gb": 101.86,
        "disk_total_gb": 500.0,
        "disk_free_gb": 398.14
      },
      "cloud_commands": {
        "aws": [
          "# AWS \u2014 Upgrade to compute-optimized instance:",
          "aws ec2 stop-instances --instance-ids <INSTANCE_ID>",
          "aws ec2 modify-instance-attribute --instance-id <INSTANCE_ID> --instance-type '{\"Value\": \"c5.2xlarge\"}'",
          "aws ec2 start-instances --instance-ids <INSTANCE_ID>"
        ],
        "gcp": [
          "# GCP \u2014 Upgrade to high-CPU machine type:",
          "gcloud compute instances stop <INSTANCE_NAME>",
          "gcloud compute instances set-machine-type <INSTANCE_NAME> --machine-type c2-standard-8",
          "gcloud compute instances start <INSTANCE_NAME>"
        ],
        "local": [
          "# Local \u2014 Reduce CPU-heavy processes:",
          "ps aux --sort=-%cpu | head -10    # Find top CPU consumers",
          "renice +10 <PID>                   # Lower priority of heavy processes",
          "cpulimit -p <PID> -l 50            # Limit process to 50% CPU"
        ]
      },
      "message": "CPU scaling by 2x needed. See commands below.",
      "auto_executed": false
    }
  },
  {
    "timestamp": "2026-02-26T21:48:06.220444",
    "action": "rescale_cpu",
    "status": "recommendation_generated",
    "dry_run": false,
    "details": {
      "action": "rescale_cpu",
      "status": "recommendation_generated",
      "resource": "cpu",
      "scale_by": "2x",
      "before": {
        "cpu_percent": 0.0,
        "memory_percent": 42.3,
        "memory_used_gb": 9.84,
        "memory_total_gb": 23.25,
        "disk_percent": 20.4,
        "disk_used_gb": 101.86,
        "disk_total_gb": 500.0,
        "disk_free_gb": 398.14
      },
      "cloud_commands": {
        "aws": [
          "# AWS \u2014 Upgrade to compute-optimized instance:",
          "aws ec2 stop-instances --instance-ids <INSTANCE_ID>",
          "aws ec2 modify-instance-attribute --instance-id <INSTANCE_ID> --instance-type '{\"Value\": \"c5.2xlarge\"}'",
          "aws ec2 start-instances --instance-ids <INSTANCE_ID>"
        ],
        "gcp": [
          "# GCP \u2014 Upgrade to high-CPU machine type:",
          "gcloud compute instances stop <INSTANCE_NAME>",
          "gcloud compute instances set-machine-type <INSTANCE_NAME> --machine-type c2-standard-8",
          "gcloud compute instances start <INSTANCE_NAME>"
        ],
        "local": [
          "# Local \u2014 Reduce CPU-heavy processes:",
          "ps aux --sort=-%cpu | head -10    # Find top CPU consumers",
          "renice +10 <PID>                   # Lower priority of heavy processes",
          "cpulimit -p <PID> -l 50            # Limit process to 50% CPU"
        ]
      },
      "message": "CPU scaling by 2x needed. See commands below.",
      "auto_executed": false
    }
  },
  {
    "timestamp": "2026-02-26T21:55:13.786291",
    "action": "rescale_cpu",
    "status": "recommendation_generated",
    "dry_run": false,
    "details": {
      "action": "rescale_cpu",
      "status": "recommendation_generated",
      "resource": "cpu",
      "scale_by": "2x",
      "before": {
        "cpu_percent": 3.8,
        "memory_percent": 46.9,
        "memory_used_gb": 10.9,
        "memory_total_gb": 23.25,
        "disk_percent": 20.4,
        "disk_used_gb": 101.86,
        "disk_total_gb": 500.0,
        "disk_free_gb": 398.14
      },
      "cloud_commands": {
        "aws": [
          "# AWS \u2014 Upgrade to compute-optimized instance:",
          "aws ec2 stop-instances --instance-ids <INSTANCE_ID>",
          "aws ec2 modify-instance-attribute --instance-id <INSTANCE_ID> --instance-type '{\"Value\": \"c5.2xlarge\"}'",
          "aws ec2 start-instances --instance-ids <INSTANCE_ID>"
        ],
        "gcp": [
          "# GCP \u2014 Upgrade to high-CPU machine type:",
          "gcloud compute instances stop <INSTANCE_NAME>",
          "gcloud compute instances set-machine-type <INSTANCE_NAME> --machine-type c2-standard-8",
          "gcloud compute instances start <INSTANCE_NAME>"
        ],
        "local": [
          "# Local \u2014 Reduce CPU-heavy processes:",
          "ps aux --sort=-%cpu | head -10    # Find top CPU consumers",
          "renice +10 <PID>                   # Lower priority of heavy processes",
          "cpulimit -p <PID> -l 50            # Limit process to 50% CPU"
        ]
      },
      "message": "CPU scaling by 2x needed. See commands below.",
      "auto_executed": false
    }
  },
  {
    "timestamp": "2026-02-26T21:57:32.581354",
    "action": "rescale_cpu",
    "status": "recommendation_generated",
    "dry_run": false,
    "details": {
      "action": "rescale_cpu",
      "status": "recommendation_generated",
      "resource": "cpu",
      "scale_by": "2x",
      "before": {
        "cpu_percent": 4.1,
        "memory_percent": 46.2,
        "memory_used_gb": 10.73,
        "memory_total_gb": 23.25,
        "disk_percent": 20.4,
        "disk_used_gb": 101.86,
        "disk_total_gb": 500.0,
        "disk_free_gb": 398.14
      },
      "cloud_commands": {
        "aws": [
          "# AWS \u2014 Upgrade to compute-optimized instance:",
          "aws ec2 stop-instances --instance-ids <INSTANCE_ID>",
          "aws ec2 modify-instance-attribute --instance-id <INSTANCE_ID> --instance-type '{\"Value\": \"c5.2xlarge\"}'",
          "aws ec2 start-instances --instance-ids <INSTANCE_ID>"
        ],
        "gcp": [
          "# GCP \u2014 Upgrade to high-CPU machine type:",
          "gcloud compute instances stop <INSTANCE_NAME>",
          "gcloud compute instances set-machine-type <INSTANCE_NAME> --machine-type c2-standard-8",
          "gcloud compute instances start <INSTANCE_NAME>"
        ],
        "local": [
          "# Local \u2014 Reduce CPU-heavy processes:",
          "ps aux --sort=-%cpu | head -10    # Find top CPU consumers",
          "renice +10 <PID>                   # Lower priority of heavy processes",
          "cpulimit -p <PID> -l 50            # Limit process to 50% CPU"
        ]
      },
      "message": "CPU scaling by 2x needed. See commands below.",
      "auto_executed": false
    }
  },
  {
    "timestamp": "2026-02-26T22:53:04.719093",
    "action": "rescale_cpu",
    "status": "recommendation_generated",
    "dry_run": false,
    "details": {
      "action": "rescale_cpu",
      "status": "recommendation_generated",
      "resource": "cpu",
      "scale_by": "2x",
      "before": {
        "cpu_percent": 1.0,
        "memory_percent": 39.8,
        "memory_used_gb": 9.26,
        "memory_total_gb": 23.25,
        "disk_percent": 20.4,
        "disk_used_gb": 101.86,
        "disk_total_gb": 500.0,
        "disk_free_gb": 398.14
      },
      "cloud_commands": {
        "aws": [
          "# AWS \u2014 Upgrade to compute-optimized instance:",
          "aws ec2 stop-instances --instance-ids <INSTANCE_ID>",
          "aws ec2 modify-instance-attribute --instance-id <INSTANCE_ID> --instance-type '{\"Value\": \"c5.2xlarge\"}'",
          "aws ec2 start-instances --instance-ids <INSTANCE_ID>"
        ],
        "gcp": [
          "# GCP \u2014 Upgrade to high-CPU machine type:",
          "gcloud compute instances stop <INSTANCE_NAME>",
          "gcloud compute instances set-machine-type <INSTANCE_NAME> --machine-type c2-standard-8",
          "gcloud compute instances start <INSTANCE_NAME>"
        ],
        "local": [
          "# Local \u2014 Reduce CPU-heavy processes:",
          "ps aux --sort=-%cpu | head -10    # Find top CPU consumers",
          "renice +10 <PID>                   # Lower priority of heavy processes",
          "cpulimit -p <PID> -l 50            # Limit process to 50% CPU"
        ]
      },
      "message": "CPU scaling by 2x needed. See commands below.",
      "auto_executed": false
    }
  },
  {
    "timestamp": "2026-02-27T00:17:58.776449",
    "action": "rescale_cpu",
    "status": "recommendation_generated",
    "dry_run": false,
    "details": {
      "action": "rescale_cpu",
      "status": "recommendation_generated",
      "resource": "cpu",
      "scale_by": "2x",
      "before": {
        "cpu_percent": 33.0,
        "memory_percent": 47.7,
        "memory_used_gb": 11.09,
        "memory_total_gb": 23.25,
        "disk_percent": 20.4,
        "disk_used_gb": 101.86,
        "disk_total_gb": 500.0,
        "disk_free_gb": 398.14
      },
      "cloud_commands": {
        "aws": [
          "# AWS \u2014 Upgrade to compute-optimized instance:",
          "aws ec2 stop-instances --instance-ids <INSTANCE_ID>",
          "aws ec2 modify-instance-attribute --instance-id <INSTANCE_ID> --instance-type '{\"Value\": \"c5.2xlarge\"}'",
          "aws ec2 start-instances --instance-ids <INSTANCE_ID>"
        ],
        "gcp": [
          "# GCP \u2014 Upgrade to high-CPU machine type:",
          "gcloud compute instances stop <INSTANCE_NAME>",
          "gcloud compute instances set-machine-type <INSTANCE_NAME> --machine-type c2-standard-8",
          "gcloud compute instances start <INSTANCE_NAME>"
        ],
        "local": [
          "# Local \u2014 Reduce CPU-heavy processes:",
          "ps aux --sort=-%cpu | head -10    # Find top CPU consumers",
          "renice +10 <PID>                   # Lower priority of heavy processes",
          "cpulimit -p <PID> -l 50            # Limit process to 50% CPU"
        ]
      },
      "message": "CPU scaling by 2x needed. See commands below.",
      "auto_executed": false
    }
  },
  {
    "timestamp": "2026-02-27T00:28:15.741617",
    "action": "rescale_cpu",
    "status": "recommendation_generated",
    "dry_run": false,
    "details": {
      "action": "rescale_cpu",
      "status": "recommendation_generated",
      "resource": "cpu",
      "scale_by": "2x",
      "before": {
        "cpu_percent": 5.4,
        "memory_percent": 49.2,
        "memory_used_gb": 11.43,
        "memory_total_gb": 23.25,
        "disk_percent": 20.4,
        "disk_used_gb": 101.86,
        "disk_total_gb": 500.0,
        "disk_free_gb": 398.14
      },
      "cloud_commands": {
        "aws": [
          "# AWS \u2014 Upgrade to compute-optimized instance:",
          "aws ec2 stop-instances --instance-ids <INSTANCE_ID>",
          "aws ec2 modify-instance-attribute --instance-id <INSTANCE_ID> --instance-type '{\"Value\": \"c5.2xlarge\"}'",
          "aws ec2 start-instances --instance-ids <INSTANCE_ID>"
        ],
        "gcp": [
          "# GCP \u2014 Upgrade to high-CPU machine type:",
          "gcloud compute instances stop <INSTANCE_NAME>",
          "gcloud compute instances set-machine-type <INSTANCE_NAME> --machine-type c2-standard-8",
          "gcloud compute instances start <INSTANCE_NAME>"
        ],
        "local": [
          "# Local \u2014 Reduce CPU-heavy processes:",
          "ps aux --sort=-%cpu | head -10    # Find top CPU consumers",
          "renice +10 <PID>                   # Lower priority of heavy processes",
          "cpulimit -p <PID> -l 50            # Limit process to 50% CPU"
        ]
      },
      "message": "CPU scaling by 2x needed. See commands below.",
      "auto_executed": false
    }
  },
  {
    "timestamp": "2026-02-27T00:28:15.955546",
    "action": "restart_service",
    "status": "recommendation",
    "dry_run": false,
    "details": {
      "action": "restart_service",
      "status": "recommendation",
      "service": "echo-log",
      "message": "Windows detected \u2014 restart handled by launcher.py auto-recovery",
      "actions": [
        "Service 'echo-log' is a Python process on Windows.",
        "Recommended: check Task Manager for high-CPU/memory Python processes.",
        "If a module crashed, the launcher.py will auto-restart it."
      ],
      "before": {
        "cpu_percent": 2.0,
        "memory_percent": 49.2,
        "memory_used_gb": 11.43,
        "memory_total_gb": 23.25,
        "disk_percent": 20.4,
        "disk_used_gb": 101.86,
        "disk_total_gb": 500.0,
        "disk_free_gb": 398.14
      },
      "after": {
        "cpu_percent": 4.4,
        "memory_percent": 49.2,
        "memory_used_gb": 11.43,
        "memory_total_gb": 23.25,
        "disk_percent": 20.4,
        "disk_used_gb": 101.86,
        "disk_total_gb": 500.0,
        "disk_free_gb": 398.14
      }
    }
  },
  {
    "timestamp": "2026-02-27T01:05:46.969437",
    "action": "rescale_cpu",
    "status": "recommendation_generated",
    "dry_run": false,
    "details": {
      "action": "rescale_cpu",
      "status": "recommendation_generated",
      "resource": "cpu",
      "scale_by": "2x",
      "before": {
        "cpu_percent": 4.2,
        "memory_percent": 47.8,
        "memory_used_gb": 11.12,
        "memory_total_gb": 23.25,
        "disk_percent": 20.4,
        "disk_used_gb": 101.86,
        "disk_total_gb": 500.0,
        "disk_free_gb": 398.14
      },
      "cloud_commands": {
        "aws": [
          "# AWS \u2014 Upgrade to compute-optimized instance:",
          "aws ec2 stop-instances --instance-ids <INSTANCE_ID>",
          "aws ec2 modify-instance-attribute --instance-id <INSTANCE_ID> --instance-type '{\"Value\": \"c5.2xlarge\"}'",
          "aws ec2 start-instances --instance-ids <INSTANCE_ID>"
        ],
        "gcp": [
          "# GCP \u2014 Upgrade to high-CPU machine type:",
          "gcloud compute instances stop <INSTANCE_NAME>",
          "gcloud compute instances set-machine-type <INSTANCE_NAME> --machine-type c2-standard-8",
          "gcloud compute instances start <INSTANCE_NAME>"
        ],
        "local": [
          "# Local \u2014 Reduce CPU-heavy processes:",
          "ps aux --sort=-%cpu | head -10    # Find top CPU consumers",
          "renice +10 <PID>                   # Lower priority of heavy processes",
          "cpulimit -p <PID> -l 50            # Limit process to 50% CPU"
        ]
      },
      "message": "CPU scaling by 2x needed. See commands below.",
      "auto_executed": false
    }
  },
  {
    "timestamp": "2026-02-27T01:22:20.040390",
    "action": "rescale_cpu",
    "status": "recommendation_generated",
    "dry_run": false,
    "details": {
      "action": "rescale_cpu",
      "status": "recommendation_generated",
      "resource": "cpu",
      "scale_by": "2x",
      "before": {
        "cpu_percent": 0.0,
        "memory_percent": 32.9,
        "memory_used_gb": 7.64,
        "memory_total_gb": 23.25,
        "disk_percent": 20.4,
        "disk_used_gb": 101.86,
        "disk_total_gb": 500.0,
        "disk_free_gb": 398.14
      },
      "cloud_commands": {
        "aws": [
          "# AWS \u2014 Upgrade to compute-optimized instance:",
          "aws ec2 stop-instances --instance-ids <INSTANCE_ID>",
          "aws ec2 modify-instance-attribute --instance-id <INSTANCE_ID> --instance-type '{\"Value\": \"c5.2xlarge\"}'",
          "aws ec2 start-instances --instance-ids <INSTANCE_ID>"
        ],
        "gcp": [
          "# GCP \u2014 Upgrade to high-CPU machine type:",
          "gcloud compute instances stop <INSTANCE_NAME>",
          "gcloud compute instances set-machine-type <INSTANCE_NAME> --machine-type c2-standard-8",
          "gcloud compute instances start <INSTANCE_NAME>"
        ],
        "local": [
          "# Local \u2014 Reduce CPU-heavy processes:",
          "ps aux --sort=-%cpu | head -10    # Find top CPU consumers",
          "renice +10 <PID>                   # Lower priority of heavy processes",
          "cpulimit -p <PID> -l 50            # Limit process to 50% CPU"
        ]
      },
      "message": "CPU scaling by 2x needed. See commands below.",
      "auto_executed": false
    }
  },
  {
    "timestamp": "2026-02-27T01:22:20.255000",
    "action": "restart_service",
    "status": "recommendation",
    "dry_run": false,
    "details": {
      "action": "restart_service",
      "status": "recommendation",
      "service": "echo-log",
      "message": "Windows detected \u2014 restart handled by launcher.py auto-recovery",
      "actions": [
        "Service 'echo-log' is a Python process on Windows.",
        "Recommended: check Task Manager for high-CPU/memory Python processes.",
        "If a module crashed, the launcher.py will auto-restart it."
      ],
      "before": {
        "cpu_percent": 1.0,
        "memory_percent": 32.9,
        "memory_used_gb": 7.64,
        "memory_total_gb": 23.25,
        "disk_percent": 20.4,
        "disk_used_gb": 101.86,
        "disk_total_gb": 500.0,
        "disk_free_gb": 398.14
      },
      "after": {
        "cpu_percent": 0.0,
        "memory_percent": 32.9,
        "memory_used_gb": 7.64,
        "memory_total_gb": 23.25,
        "disk_percent": 20.4,
        "disk_used_gb": 101.86,
        "disk_total_gb": 500.0,
        "disk_free_gb": 398.14
      }
    }
  },
  {
    "timestamp": "2026-02-27T01:23:45.471523",
    "action": "rescale_cpu",
    "status": "recommendation_generated",
    "dry_run": false,
    "details": {
      "action": "rescale_cpu",
      "status": "recommendation_generated",
      "resource": "cpu",
      "scale_by": "2x",
      "before": {
        "cpu_percent": 2.3,
        "memory_percent": 32.8,
        "memory_used_gb": 7.62,
        "memory_total_gb": 23.25,
        "disk_percent": 20.4,
        "disk_used_gb": 101.86,
        "disk_total_gb": 500.0,
        "disk_free_gb": 398.14
      },
      "cloud_commands": {
        "aws": [
          "# AWS \u2014 Upgrade to compute-optimized instance:",
          "aws ec2 stop-instances --instance-ids <INSTANCE_ID>",
          "aws ec2 modify-instance-attribute --instance-id <INSTANCE_ID> --instance-type '{\"Value\": \"c5.2xlarge\"}'",
          "aws ec2 start-instances --instance-ids <INSTANCE_ID>"
        ],
        "gcp": [
          "# GCP \u2014 Upgrade to high-CPU machine type:",
          "gcloud compute instances stop <INSTANCE_NAME>",
          "gcloud compute instances set-machine-type <INSTANCE_NAME> --machine-type c2-standard-8",
          "gcloud compute instances start <INSTANCE_NAME>"
        ],
        "local": [
          "# Local \u2014 Reduce CPU-heavy processes:",
          "ps aux --sort=-%cpu | head -10    # Find top CPU consumers",
          "renice +10 <PID>                   # Lower priority of heavy processes",
          "cpulimit -p <PID> -l 50            # Limit process to 50% CPU"
        ]
      },
      "message": "CPU scaling by 2x needed. See commands below.",
      "auto_executed": false
    }
  },
  {
    "timestamp": "2026-02-27T16:45:56.061644",
    "action": "rescale_cpu",
    "status": "recommendation_generated",
    "dry_run": false,
    "details": {
      "action": "rescale_cpu",
      "status": "recommendation_generated",
      "resource": "cpu",
      "scale_by": "2x",
      "before": {
        "cpu_percent": 0.0,
        "memory_percent": 44.7,
        "memory_used_gb": 10.38,
        "memory_total_gb": 23.25,
        "disk_percent": 20.4,
        "disk_used_gb": 101.9,
        "disk_total_gb": 500.0,
        "disk_free_gb": 398.1
      },
      "cloud_commands": {
        "aws": [
          "# AWS \u2014 Upgrade to compute-optimized instance:",
          "aws ec2 stop-instances --instance-ids <INSTANCE_ID>",
          "aws ec2 modify-instance-attribute --instance-id <INSTANCE_ID> --instance-type '{\"Value\": \"c5.2xlarge\"}'",
          "aws ec2 start-instances --instance-ids <INSTANCE_ID>"
        ],
        "gcp": [
          "# GCP \u2014 Upgrade to high-CPU machine type:",
          "gcloud compute instances stop <INSTANCE_NAME>",
          "gcloud compute instances set-machine-type <INSTANCE_NAME> --machine-type c2-standard-8",
          "gcloud compute instances start <INSTANCE_NAME>"
        ],
        "local": [
          "# Local \u2014 Reduce CPU-heavy processes:",
          "ps aux --sort=-%cpu | head -10    # Find top CPU consumers",
          "renice +10 <PID>                   # Lower priority of heavy processes",
          "cpulimit -p <PID> -l 50            # Limit process to 50% CPU"
        ]
      },
      "message": "CPU scaling by 2x needed. See commands below.",
      "auto_executed": false
    }
  },
  {
    "timestamp": "2026-02-27T16:45:56.299166",
    "action": "restart_service",
    "status": "recommendation",
    "dry_run": false,
    "details": {
      "action": "restart_service",
      "status": "recommendation",
      "service": "echo-log",
      "message": "Windows detected \u2014 restart handled by launcher.py auto-recovery",
      "actions": [
        "Service 'echo-log' is a Python process on Windows.",
        "Recommended: check Task Manager for high-CPU/memory Python processes.",
        "If a module crashed, the launcher.py will auto-restart it."
      ],
      "before": {
        "cpu_percent": 0.0,
        "memory_percent": 44.7,
        "memory_used_gb": 10.38,
        "memory_total_gb": 23.25,
        "disk_percent": 20.4,
        "disk_used_gb": 101.9,
        "disk_total_gb": 500.0,
        "disk_free_gb": 398.1
      },
      "after": {
        "cpu_percent": 0.0,
        "memory_percent": 44.7,
        "memory_used_gb": 10.38,
        "memory_total_gb": 23.25,
        "disk_percent": 20.4,
        "disk_used_gb": 101.9,
        "disk_total_gb": 500.0,
        "disk_free_gb": 398.1
      }
    }
  },
  {
    "timestamp": "2026-02-27T16:57:01.730530",
    "action": "rescale_cpu",
    "status": "recommendation_generated",
    "dry_run": false,
    "details": {
      "action": "rescale_cpu",
      "status": "recommendation_generated",
      "resource": "cpu",
      "scale_by": "2x",
      "before": {
        "cpu_percent": 1.8,
        "memory_percent": 44.2,
        "memory_used_gb": 10.28,
        "memory_total_gb": 23.25,
        "disk_percent": 20.4,
        "disk_used_gb": 101.9,
        "disk_total_gb": 500.0,
        "disk_free_gb": 398.1
      },
      "cloud_commands": {
        "aws": [
          "# AWS \u2014 Upgrade to compute-optimized instance:",
          "aws ec2 stop-instances --instance-ids <INSTANCE_ID>",
          "aws ec2 modify-instance-attribute --instance-id <INSTANCE_ID> --instance-type '{\"Value\": \"c5.2xlarge\"}'",
          "aws ec2 start-instances --instance-ids <INSTANCE_ID>"
        ],
        "gcp": [
          "# GCP \u2014 Upgrade to high-CPU machine type:",
          "gcloud compute instances stop <INSTANCE_NAME>",
          "gcloud compute instances set-machine-type <INSTANCE_NAME> --machine-type c2-standard-8",
          "gcloud compute instances start <INSTANCE_NAME>"
        ],
        "local": [
          "# Local \u2014 Reduce CPU-heavy processes:",
          "ps aux --sort=-%cpu | head -10    # Find top CPU consumers",
          "renice +10 <PID>                   # Lower priority of heavy processes",
          "cpulimit -p <PID> -l 50            # Limit process to 50% CPU"
        ]
      },
      "message": "CPU scaling by 2x needed. See commands below.",
      "auto_executed": false
    }
  },
  {
    "timestamp": "2026-02-27T17:28:47.809734",
    "action": "rescale_cpu",
    "status": "recommendation_generated",
    "dry_run": false,
    "details": {
      "action": "rescale_cpu",
      "status": "recommendation_generated",
      "resource": "cpu",
      "scale_by": "2x",
      "before": {
        "cpu_percent": 1.9,
        "memory_percent": 45.6,
        "memory_used_gb": 10.61,
        "memory_total_gb": 23.25,
        "disk_percent": 20.4,
        "disk_used_gb": 101.9,
        "disk_total_gb": 500.0,
        "disk_free_gb": 398.1
      },
      "cloud_commands": {
        "aws": [
          "# AWS \u2014 Upgrade to compute-optimized instance:",
          "aws ec2 stop-instances --instance-ids <INSTANCE_ID>",
          "aws ec2 modify-instance-attribute --instance-id <INSTANCE_ID> --instance-type '{\"Value\": \"c5.2xlarge\"}'",
          "aws ec2 start-instances --instance-ids <INSTANCE_ID>"
        ],
        "gcp": [
          "# GCP \u2014 Upgrade to high-CPU machine type:",
          "gcloud compute instances stop <INSTANCE_NAME>",
          "gcloud compute instances set-machine-type <INSTANCE_NAME> --machine-type c2-standard-8",
          "gcloud compute instances start <INSTANCE_NAME>"
        ],
        "local": [
          "# Local \u2014 Reduce CPU-heavy processes:",
          "ps aux --sort=-%cpu | head -10    # Find top CPU consumers",
          "renice +10 <PID>                   # Lower priority of heavy processes",
          "cpulimit -p <PID> -l 50            # Limit process to 50% CPU"
        ]
      },
      "message": "CPU scaling by 2x needed. See commands below.",
      "auto_executed": false
    }
  },
  {
    "timestamp": "2026-02-27T17:45:17.104682",
    "action": "rescale_cpu",
    "status": "recommendation_generated",
    "dry_run": false,
    "details": {
      "action": "rescale_cpu",
      "status": "recommendation_generated",
      "resource": "cpu",
      "scale_by": "2x",
      "before": {
        "cpu_percent": 2.4,
        "memory_percent": 46.5,
        "memory_used_gb": 10.82,
        "memory_total_gb": 23.25,
        "disk_percent": 20.4,
        "disk_used_gb": 101.9,
        "disk_total_gb": 500.0,
        "disk_free_gb": 398.1
      },
      "cloud_commands": {
        "aws": [
          "# AWS \u2014 Upgrade to compute-optimized instance:",
          "aws ec2 stop-instances --instance-ids <INSTANCE_ID>",
          "aws ec2 modify-instance-attribute --instance-id <INSTANCE_ID> --instance-type '{\"Value\": \"c5.2xlarge\"}'",
          "aws ec2 start-instances --instance-ids <INSTANCE_ID>"
        ],
        "gcp": [
          "# GCP \u2014 Upgrade to high-CPU machine type:",
          "gcloud compute instances stop <INSTANCE_NAME>",
          "gcloud compute instances set-machine-type <INSTANCE_NAME> --machine-type c2-standard-8",
          "gcloud compute instances start <INSTANCE_NAME>"
        ],
        "local": [
          "# Local \u2014 Reduce CPU-heavy processes:",
          "ps aux --sort=-%cpu | head -10    # Find top CPU consumers",
          "renice +10 <PID>                   # Lower priority of heavy processes",
          "cpulimit -p <PID> -l 50            # Limit process to 50% CPU"
        ]
      },
      "message": "CPU scaling by 2x needed. See commands below.",
      "auto_executed": false
    }
  }
]