{
  "total_entries": 2000,
  "anomaly_count": 681,
  "normal_count": 1319,
  "anomaly_rate": 34.05,
  "avg_anomaly_score": 58.04,
  "avg_normal_score": 12.64,
  "avg_overall_score": 28.1,
  "score_std_dev": 23.06,
  "score_separation": 45.4,
  "separation_quality": "\ud83c\udf1f Excellent",
  "severity_breakdown": {
    "NORMAL": 1319,
    "MEDIUM": 552,
    "LOW": 82,
    "CRITICAL": 26,
    "HIGH": 21
  },
  "model_components": {
    "isolation_forest_weight": "40%",
    "lof_weight": "35%",
    "statistical_weight": "25%"
  }
}