[
  {
    "batch_id": "ALERT-BATCH-20260223T132419",
    "timestamp": "2026-02-23T13:24:19.167514",
    "log_file": "E:\\echo-log\\loghub\\Windows\\Windows_2k.log",
    "log_type": "Unknown",
    "total_entries": 2000,
    "anomaly_count": 677,
    "critical_count": 24,
    "high_count": 2,
    "alerts": [
      {
        "alert_id": "ALERT-APPLICATION_-20260223T132419",
        "timestamp": "2026-02-23T13:24:19.167514",
        "hostname": "TUFA15",
        "log_file": "E:\\echo-log\\loghub\\Windows\\Windows_2k.log",
        "log_type": "Unknown",
        "severity": "CRITICAL",
        "status": "ACTIVE",
        "chain_id": "application_crash_loop",
        "chain_name": "Application Crash Loop",
        "description": "Application crashing repeatedly in a loop",
        "confidence": 100,
        "warning_count": 0,
        "failure_count": 4,
        "max_score": 94.41,
        "action_required": "Apply circuit breaker, restart with clean state",
        "top_entity": "N/A",
        "top_entity_anomalies": 0,
        "summary": "\ud83d\udd34 [CRITICAL] Application Crash Loop \u2014 100% confidence. 0 warnings, 4 failures. Action: Apply circuit breaker, restart with clean state"
      }
    ],
    "top_entities": [],
    "chains_detected": 1,
    "correlation_summary": "ACTIVE [CRITICAL]: 'Application Crash Loop' is occurring now. Immediate action needed: Apply circuit breaker, restart with clean state"
  },
  {
    "batch_id": "ALERT-BATCH-20260223T133203",
    "timestamp": "2026-02-23T13:32:03.209752",
    "log_file": "E:\\echo-log\\loghub\\Windows\\Windows_2k.log",
    "log_type": "Unknown",
    "total_entries": 2000,
    "anomaly_count": 677,
    "critical_count": 24,
    "high_count": 2,
    "alerts": [
      {
        "alert_id": "ALERT-APPLICATION_-20260223T133203",
        "timestamp": "2026-02-23T13:32:03.209752",
        "hostname": "TUFA15",
        "log_file": "E:\\echo-log\\loghub\\Windows\\Windows_2k.log",
        "log_type": "Unknown",
        "severity": "CRITICAL",
        "status": "ACTIVE",
        "chain_id": "application_crash_loop",
        "chain_name": "Application Crash Loop",
        "description": "Application crashing repeatedly in a loop",
        "confidence": 100,
        "warning_count": 0,
        "failure_count": 4,
        "max_score": 94.41,
        "action_required": "Apply circuit breaker, restart with clean state",
        "top_entity": "N/A",
        "top_entity_anomalies": 0,
        "summary": "\ud83d\udd34 [CRITICAL] Application Crash Loop \u2014 100% confidence. 0 warnings, 4 failures. Action: Apply circuit breaker, restart with clean state"
      }
    ],
    "top_entities": [],
    "chains_detected": 1,
    "correlation_summary": "ACTIVE [CRITICAL]: 'Application Crash Loop' is occurring now. Immediate action needed: Apply circuit breaker, restart with clean state"
  },
  {
    "batch_id": "ALERT-BATCH-20260223T133843",
    "timestamp": "2026-02-23T13:38:43.784248",
    "log_file": "E:\\echo-log\\loghub\\Windows\\Windows_2k.log",
    "log_type": "Unknown",
    "total_entries": 2000,
    "anomaly_count": 677,
    "critical_count": 24,
    "high_count": 2,
    "alerts": [
      {
        "alert_id": "ALERT-APPLICATION_-20260223T133843",
        "timestamp": "2026-02-23T13:38:43.784248",
        "hostname": "TUFA15",
        "log_file": "E:\\echo-log\\loghub\\Windows\\Windows_2k.log",
        "log_type": "Unknown",
        "severity": "CRITICAL",
        "status": "ACTIVE",
        "chain_id": "application_crash_loop",
        "chain_name": "Application Crash Loop",
        "description": "Application crashing repeatedly in a loop",
        "confidence": 100,
        "warning_count": 0,
        "failure_count": 4,
        "max_score": 94.41,
        "action_required": "Apply circuit breaker, restart with clean state",
        "top_entity": "Info",
        "top_entity_anomalies": 286,
        "summary": "\ud83d\udd34 [CRITICAL] Application Crash Loop \u2014 100% confidence. 0 warnings, 4 failures. Top offender: Info (286 anomalies). Action: Apply circuit breaker, restart with clean state"
      }
    ],
    "top_entities": [
      {
        "entity": "Info",
        "total_count": 813,
        "anomaly_count": 286,
        "max_score": 100.0,
        "log_types": [
          "Unknown"
        ],
        "examples": [
          "2016-09-28 04:30:31, Info                  CBS    Ending TrustedInstaller initialization.",
          "2016-09-28 04:30:31, Info                  CBS    Starting the TrustedInstaller main loop."
        ]
      },
      {
        "entity": "6.1.1.0",
        "total_count": 229,
        "anomaly_count": 219,
        "max_score": 67.03,
        "log_types": [
          "Unknown"
        ],
        "examples": [
          "2016-09-28 04:30:33, Info                  CBS    Read out cached package applicability for package:",
          "2016-09-28 04:30:33, Info                  CBS    Read out cached package applicability for package:"
        ]
      },
      {
        "entity": "6.1.1.1",
        "total_count": 139,
        "anomaly_count": 127,
        "max_score": 63.01,
        "log_types": [
          "Unknown"
        ],
        "examples": [
          "2016-09-28 04:30:33, Info                  CBS    Read out cached package applicability for package:",
          "2016-09-28 04:30:34, Info                  CBS    Read out cached package applicability for package:"
        ]
      },
      {
        "entity": "Component_CBS",
        "total_count": 640,
        "anomaly_count": 40,
        "max_score": 59.44,
        "log_types": [
          "Windows"
        ],
        "examples": [
          "2016-09-28 04:30:31, Info                  CBS    SQM: Initializing online with Windows opt-in: Fals",
          "2016-09-28 04:30:31, Info                  CBS    SQM: Failed to start upload with file pattern: C:\\"
        ]
      },
      {
        "entity": "0.0.0.6",
        "total_count": 6,
        "anomaly_count": 5,
        "max_score": 56.28,
        "log_types": [
          "Unknown"
        ],
        "examples": [
          "2016-09-28 04:30:31, Info                  CSI    00000001@2016/9/27:20:30:31.455 WcpInitialize (wcp",
          "2016-09-28 04:30:31, Info                  CSI    00000002@2016/9/27:20:30:31.458 WcpInitialize (wcp"
        ]
      }
    ],
    "chains_detected": 1,
    "correlation_summary": "ACTIVE [CRITICAL]: 'Application Crash Loop' is occurring now. Immediate action needed: Apply circuit breaker, restart with clean state"
  },
  {
    "batch_id": "ALERT-BATCH-20260223T134231",
    "timestamp": "2026-02-23T13:42:31.066890",
    "log_file": "E:\\echo-log\\loghub\\Windows\\Windows_2k.log",
    "log_type": "Unknown",
    "total_entries": 2000,
    "anomaly_count": 677,
    "critical_count": 24,
    "high_count": 2,
    "alerts": [
      {
        "alert_id": "ALERT-APPLICATION_-20260223T134231",
        "timestamp": "2026-02-23T13:42:31.066890",
        "hostname": "TUFA15",
        "log_file": "E:\\echo-log\\loghub\\Windows\\Windows_2k.log",
        "log_type": "Unknown",
        "severity": "CRITICAL",
        "status": "ACTIVE",
        "chain_id": "application_crash_loop",
        "chain_name": "Application Crash Loop",
        "description": "Application crashing repeatedly in a loop",
        "confidence": 100,
        "warning_count": 0,
        "failure_count": 4,
        "max_score": 94.41,
        "action_required": "Apply circuit breaker, restart with clean state",
        "top_entity": "Info",
        "top_entity_anomalies": 286,
        "summary": "\ud83d\udd34 [CRITICAL] Application Crash Loop \u2014 100% confidence. 0 warnings, 4 failures. Top offender: Info (286 anomalies). Action: Apply circuit breaker, restart with clean state"
      }
    ],
    "top_entities": [
      {
        "entity": "Info",
        "total_count": 813,
        "anomaly_count": 286,
        "max_score": 100.0,
        "log_types": [
          "Unknown"
        ],
        "examples": [
          "2016-09-28 04:30:31, Info                  CBS    Ending TrustedInstaller initialization.",
          "2016-09-28 04:30:31, Info                  CBS    Starting the TrustedInstaller main loop."
        ]
      },
      {
        "entity": "6.1.1.0",
        "total_count": 229,
        "anomaly_count": 219,
        "max_score": 67.03,
        "log_types": [
          "Unknown"
        ],
        "examples": [
          "2016-09-28 04:30:33, Info                  CBS    Read out cached package applicability for package:",
          "2016-09-28 04:30:33, Info                  CBS    Read out cached package applicability for package:"
        ]
      },
      {
        "entity": "6.1.1.1",
        "total_count": 139,
        "anomaly_count": 127,
        "max_score": 63.01,
        "log_types": [
          "Unknown"
        ],
        "examples": [
          "2016-09-28 04:30:33, Info                  CBS    Read out cached package applicability for package:",
          "2016-09-28 04:30:34, Info                  CBS    Read out cached package applicability for package:"
        ]
      },
      {
        "entity": "Component_CBS",
        "total_count": 640,
        "anomaly_count": 40,
        "max_score": 59.44,
        "log_types": [
          "Windows"
        ],
        "examples": [
          "2016-09-28 04:30:31, Info                  CBS    SQM: Initializing online with Windows opt-in: Fals",
          "2016-09-28 04:30:31, Info                  CBS    SQM: Failed to start upload with file pattern: C:\\"
        ]
      },
      {
        "entity": "0.0.0.6",
        "total_count": 6,
        "anomaly_count": 5,
        "max_score": 56.28,
        "log_types": [
          "Unknown"
        ],
        "examples": [
          "2016-09-28 04:30:31, Info                  CSI    00000001@2016/9/27:20:30:31.455 WcpInitialize (wcp",
          "2016-09-28 04:30:31, Info                  CSI    00000002@2016/9/27:20:30:31.458 WcpInitialize (wcp"
        ]
      }
    ],
    "chains_detected": 1,
    "correlation_summary": "ACTIVE [CRITICAL]: 'Application Crash Loop' is occurring now. Immediate action needed: Apply circuit breaker, restart with clean state"
  },
  {
    "batch_id": "ALERT-BATCH-20260223T134542",
    "timestamp": "2026-02-23T13:45:42.793475",
    "log_file": "E:\\echo-log\\loghub\\OpenStack\\OpenStack_2k.log",
    "log_type": "Unknown",
    "total_entries": 2000,
    "anomaly_count": 1473,
    "critical_count": 13,
    "high_count": 44,
    "alerts": [
      {
        "alert_id": "ALERT-CRITICAL_ESC-20260223T134542",
        "timestamp": "2026-02-23T13:45:42.793475",
        "hostname": "TUFA15",
        "log_file": "E:\\echo-log\\loghub\\OpenStack\\OpenStack_2k.log",
        "log_type": "Unknown",
        "severity": "CRITICAL",
        "status": "ACTIVE",
        "chain_id": "critical_escalation",
        "chain_name": "Critical Anomaly Escalation",
        "description": "13 CRITICAL anomalies detected \u2014 immediate investigation required",
        "confidence": 100,
        "warning_count": 0,
        "failure_count": 13,
        "max_score": 0,
        "action_required": "Immediately review flagged log entries and escalate to on-call engineer",
        "top_entity": "10.11.10.1",
        "top_entity_anomalies": 806,
        "summary": "\ud83d\udea8 CRITICAL: 13 critical + 44 high anomalies in E:\\echo-log\\loghub\\OpenStack\\OpenStack_2k.log."
      },
      {
        "alert_id": "ALERT-MEMORY_EXHAU-20260223T134542",
        "timestamp": "2026-02-23T13:45:42.793475",
        "hostname": "TUFA15",
        "log_file": "E:\\echo-log\\loghub\\OpenStack\\OpenStack_2k.log",
        "log_type": "Unknown",
        "severity": "MEDIUM",
        "status": "WARNING",
        "chain_id": "memory_exhaustion",
        "chain_name": "Memory Exhaustion Chain",
        "description": "Sequence leading to OOM kills",
        "confidence": 100,
        "warning_count": 17,
        "failure_count": 0,
        "max_score": 51.57,
        "action_required": "Restart memory-heavy processes or add swap space",
        "top_entity": "10.11.10.1",
        "top_entity_anomalies": 806,
        "summary": "\ud83d\udfe1 [MEDIUM] Memory Exhaustion Chain \u2014 100% confidence. 17 warnings, 0 failures. Top offender: 10.11.10.1 (806 anomalies). Action: Restart memory-heavy processes or add swap space"
      }
    ],
    "top_entities": [
      {
        "entity": "10.11.10.1",
        "total_count": 806,
        "anomaly_count": 806,
        "max_score": 67.74,
        "log_types": [
          "OpenStack"
        ],
        "examples": [
          "nova-api.log.1.2017-05-16_13:53:08 2017-05-16 00:00:00.008 25746 INFO nova.osapi_compute.wsgi.server",
          "nova-api.log.1.2017-05-16_13:53:08 2017-05-16 00:00:00.272 25746 INFO nova.osapi_compute.wsgi.server"
        ]
      },
      {
        "entity": "INFO",
        "total_count": 952,
        "anomaly_count": 425,
        "max_score": 97.53,
        "log_types": [
          "OpenStack"
        ],
        "examples": [
          "nova-compute.log.1.2017-05-16_13:55:31 2017-05-16 00:00:04.500 2931 INFO nova.compute.manager [req-3",
          "nova-compute.log.1.2017-05-16_13:55:31 2017-05-16 00:00:04.562 2931 INFO nova.compute.manager [req-3"
        ]
      },
      {
        "entity": "WARNING",
        "total_count": 31,
        "anomaly_count": 31,
        "max_score": 70.42,
        "log_types": [
          "OpenStack"
        ],
        "examples": [
          "nova-compute.log.1.2017-05-16_13:55:31 2017-05-16 00:00:20.345 2931 WARNING nova.virt.libvirt.imagec",
          "nova-compute.log.1.2017-05-16_13:55:31 2017-05-16 00:01:01.698 2931 WARNING nova.virt.libvirt.imagec"
        ]
      },
      {
        "entity": "10.11.21.132",
        "total_count": 21,
        "anomaly_count": 21,
        "max_score": 68.64,
        "log_types": [
          "OpenStack"
        ],
        "examples": [
          "nova-api.log.1.2017-05-16_13:53:08 2017-05-16 00:07:10.292 25776 INFO nova.metadata.wsgi.server [req",
          "nova-api.log.1.2017-05-16_13:53:08 2017-05-16 00:07:10.305 25776 INFO nova.metadata.wsgi.server [-] "
        ]
      },
      {
        "entity": "10.11.21.139",
        "total_count": 18,
        "anomaly_count": 18,
        "max_score": 68.15,
        "log_types": [
          "OpenStack"
        ],
        "examples": [
          "nova-api.log.1.2017-05-16_13:53:08 2017-05-16 00:11:59.816 25788 INFO nova.metadata.wsgi.server [req",
          "nova-api.log.1.2017-05-16_13:53:08 2017-05-16 00:11:59.826 25788 INFO nova.metadata.wsgi.server [-] "
        ]
      }
    ],
    "chains_detected": 1,
    "correlation_summary": "WARNING [MEDIUM]: Early signs of 'Memory Exhaustion Chain' detected. Recommended action: Restart memory-heavy processes or add swap space"
  },
  {
    "batch_id": "ALERT-BATCH-20260223T135159",
    "timestamp": "2026-02-23T13:51:59.115001",
    "log_file": "E:\\echo-log\\loghub\\OpenStack\\OpenStack_2k.log",
    "log_type": "OpenStack",
    "total_entries": 2000,
    "anomaly_count": 1473,
    "critical_count": 13,
    "high_count": 44,
    "alerts": [
      {
        "alert_id": "ALERT-CRITICAL_ESC-20260223T135159",
        "timestamp": "2026-02-23T13:51:59.115001",
        "hostname": "TUFA15",
        "log_file": "E:\\echo-log\\loghub\\OpenStack\\OpenStack_2k.log",
        "log_type": "OpenStack",
        "severity": "CRITICAL",
        "status": "ACTIVE",
        "chain_id": "critical_escalation",
        "chain_name": "Critical Anomaly Escalation",
        "description": "13 CRITICAL anomalies detected \u2014 immediate investigation required",
        "confidence": 100,
        "warning_count": 0,
        "failure_count": 13,
        "max_score": 0,
        "action_required": "Immediately review flagged log entries and escalate to on-call engineer",
        "top_entity": "10.11.10.1",
        "top_entity_anomalies": 806,
        "summary": "\ud83d\udea8 CRITICAL: 13 critical + 44 high anomalies in E:\\echo-log\\loghub\\OpenStack\\OpenStack_2k.log."
      },
      {
        "alert_id": "ALERT-MEMORY_EXHAU-20260223T135159",
        "timestamp": "2026-02-23T13:51:59.115001",
        "hostname": "TUFA15",
        "log_file": "E:\\echo-log\\loghub\\OpenStack\\OpenStack_2k.log",
        "log_type": "OpenStack",
        "severity": "MEDIUM",
        "status": "WARNING",
        "chain_id": "memory_exhaustion",
        "chain_name": "Memory Exhaustion Chain",
        "description": "Sequence leading to OOM kills",
        "confidence": 100,
        "warning_count": 17,
        "failure_count": 0,
        "max_score": 51.57,
        "action_required": "Restart memory-heavy processes or add swap space",
        "top_entity": "10.11.10.1",
        "top_entity_anomalies": 806,
        "summary": "\ud83d\udfe1 [MEDIUM] Memory Exhaustion Chain \u2014 100% confidence. 17 warnings, 0 failures. Top offender: 10.11.10.1 (806 anomalies). Action: Restart memory-heavy processes or add swap space"
      }
    ],
    "top_entities": [
      {
        "entity": "10.11.10.1",
        "total_count": 806,
        "anomaly_count": 806,
        "max_score": 67.74,
        "log_types": [
          "OpenStack"
        ],
        "examples": [
          "nova-api.log.1.2017-05-16_13:53:08 2017-05-16 00:00:00.008 25746 INFO nova.osapi_compute.wsgi.server",
          "nova-api.log.1.2017-05-16_13:53:08 2017-05-16 00:00:00.272 25746 INFO nova.osapi_compute.wsgi.server"
        ]
      },
      {
        "entity": "INFO",
        "total_count": 952,
        "anomaly_count": 425,
        "max_score": 97.53,
        "log_types": [
          "OpenStack"
        ],
        "examples": [
          "nova-compute.log.1.2017-05-16_13:55:31 2017-05-16 00:00:04.500 2931 INFO nova.compute.manager [req-3",
          "nova-compute.log.1.2017-05-16_13:55:31 2017-05-16 00:00:04.562 2931 INFO nova.compute.manager [req-3"
        ]
      },
      {
        "entity": "WARNING",
        "total_count": 31,
        "anomaly_count": 31,
        "max_score": 70.42,
        "log_types": [
          "OpenStack"
        ],
        "examples": [
          "nova-compute.log.1.2017-05-16_13:55:31 2017-05-16 00:00:20.345 2931 WARNING nova.virt.libvirt.imagec",
          "nova-compute.log.1.2017-05-16_13:55:31 2017-05-16 00:01:01.698 2931 WARNING nova.virt.libvirt.imagec"
        ]
      },
      {
        "entity": "10.11.21.132",
        "total_count": 21,
        "anomaly_count": 21,
        "max_score": 68.64,
        "log_types": [
          "OpenStack"
        ],
        "examples": [
          "nova-api.log.1.2017-05-16_13:53:08 2017-05-16 00:07:10.292 25776 INFO nova.metadata.wsgi.server [req",
          "nova-api.log.1.2017-05-16_13:53:08 2017-05-16 00:07:10.305 25776 INFO nova.metadata.wsgi.server [-] "
        ]
      },
      {
        "entity": "10.11.21.139",
        "total_count": 18,
        "anomaly_count": 18,
        "max_score": 68.15,
        "log_types": [
          "OpenStack"
        ],
        "examples": [
          "nova-api.log.1.2017-05-16_13:53:08 2017-05-16 00:11:59.816 25788 INFO nova.metadata.wsgi.server [req",
          "nova-api.log.1.2017-05-16_13:53:08 2017-05-16 00:11:59.826 25788 INFO nova.metadata.wsgi.server [-] "
        ]
      }
    ],
    "chains_detected": 1,
    "correlation_summary": "WARNING [MEDIUM]: Early signs of 'Memory Exhaustion Chain' detected. Recommended action: Restart memory-heavy processes or add swap space"
  },
  {
    "batch_id": "ALERT-BATCH-20260223T135313",
    "timestamp": "2026-02-23T13:53:13.919092",
    "log_file": "E:\\echo-log\\loghub\\Windows\\Windows_2k.log",
    "log_type": "Windows",
    "total_entries": 2000,
    "anomaly_count": 677,
    "critical_count": 24,
    "high_count": 2,
    "alerts": [
      {
        "alert_id": "ALERT-APPLICATION_-20260223T135313",
        "timestamp": "2026-02-23T13:53:13.919092",
        "hostname": "TUFA15",
        "log_file": "E:\\echo-log\\loghub\\Windows\\Windows_2k.log",
        "log_type": "Windows",
        "severity": "CRITICAL",
        "status": "ACTIVE",
        "chain_id": "application_crash_loop",
        "chain_name": "Application Crash Loop",
        "description": "Application crashing repeatedly in a loop",
        "confidence": 100,
        "warning_count": 0,
        "failure_count": 4,
        "max_score": 94.41,
        "action_required": "Apply circuit breaker, restart with clean state",
        "top_entity": "Info",
        "top_entity_anomalies": 286,
        "summary": "\ud83d\udd34 [CRITICAL] Application Crash Loop \u2014 100% confidence. 0 warnings, 4 failures. Top offender: Info (286 anomalies). Action: Apply circuit breaker, restart with clean state"
      }
    ],
    "top_entities": [
      {
        "entity": "Info",
        "total_count": 813,
        "anomaly_count": 286,
        "max_score": 100.0,
        "log_types": [
          "Unknown"
        ],
        "examples": [
          "2016-09-28 04:30:31, Info                  CBS    Ending TrustedInstaller initialization.",
          "2016-09-28 04:30:31, Info                  CBS    Starting the TrustedInstaller main loop."
        ]
      },
      {
        "entity": "6.1.1.0",
        "total_count": 229,
        "anomaly_count": 219,
        "max_score": 67.03,
        "log_types": [
          "Unknown"
        ],
        "examples": [
          "2016-09-28 04:30:33, Info                  CBS    Read out cached package applicability for package:",
          "2016-09-28 04:30:33, Info                  CBS    Read out cached package applicability for package:"
        ]
      },
      {
        "entity": "6.1.1.1",
        "total_count": 139,
        "anomaly_count": 127,
        "max_score": 63.01,
        "log_types": [
          "Unknown"
        ],
        "examples": [
          "2016-09-28 04:30:33, Info                  CBS    Read out cached package applicability for package:",
          "2016-09-28 04:30:34, Info                  CBS    Read out cached package applicability for package:"
        ]
      },
      {
        "entity": "Component_CBS",
        "total_count": 640,
        "anomaly_count": 40,
        "max_score": 59.44,
        "log_types": [
          "Windows"
        ],
        "examples": [
          "2016-09-28 04:30:31, Info                  CBS    SQM: Initializing online with Windows opt-in: Fals",
          "2016-09-28 04:30:31, Info                  CBS    SQM: Failed to start upload with file pattern: C:\\"
        ]
      },
      {
        "entity": "0.0.0.6",
        "total_count": 6,
        "anomaly_count": 5,
        "max_score": 56.28,
        "log_types": [
          "Unknown"
        ],
        "examples": [
          "2016-09-28 04:30:31, Info                  CSI    00000001@2016/9/27:20:30:31.455 WcpInitialize (wcp",
          "2016-09-28 04:30:31, Info                  CSI    00000002@2016/9/27:20:30:31.458 WcpInitialize (wcp"
        ]
      }
    ],
    "chains_detected": 1,
    "correlation_summary": "ACTIVE [CRITICAL]: 'Application Crash Loop' is occurring now. Immediate action needed: Apply circuit breaker, restart with clean state"
  },
  {
    "batch_id": "ALERT-BATCH-20260224T005007",
    "timestamp": "2026-02-24T00:50:07.864972",
    "log_file": "E:\\echo-log\\loghub\\Windows\\Windows_2k.log",
    "log_type": "Windows",
    "total_entries": 2000,
    "anomaly_count": 677,
    "critical_count": 24,
    "high_count": 2,
    "alerts": [
      {
        "alert_id": "ALERT-APPLICATION_-20260224T005007",
        "timestamp": "2026-02-24T00:50:07.864972",
        "hostname": "TUFA15",
        "log_file": "E:\\echo-log\\loghub\\Windows\\Windows_2k.log",
        "log_type": "Windows",
        "severity": "CRITICAL",
        "status": "ACTIVE",
        "chain_id": "application_crash_loop",
        "chain_name": "Application Crash Loop",
        "description": "Application crashing repeatedly in a loop",
        "confidence": 100,
        "warning_count": 0,
        "failure_count": 4,
        "max_score": 94.41,
        "action_required": "Apply circuit breaker, restart with clean state",
        "top_entity": "Info",
        "top_entity_anomalies": 286,
        "summary": "\ud83d\udd34 [CRITICAL] Application Crash Loop \u2014 100% confidence. 0 warnings, 4 failures. Top offender: Info (286 anomalies). Action: Apply circuit breaker, restart with clean state"
      }
    ],
    "top_entities": [
      {
        "entity": "Info",
        "total_count": 813,
        "anomaly_count": 286,
        "max_score": 100.0,
        "log_types": [
          "Unknown"
        ],
        "examples": [
          "2016-09-28 04:30:31, Info                  CBS    Ending TrustedInstaller initialization.",
          "2016-09-28 04:30:31, Info                  CBS    Starting the TrustedInstaller main loop."
        ]
      },
      {
        "entity": "6.1.1.0",
        "total_count": 229,
        "anomaly_count": 219,
        "max_score": 67.03,
        "log_types": [
          "Unknown"
        ],
        "examples": [
          "2016-09-28 04:30:33, Info                  CBS    Read out cached package applicability for package:",
          "2016-09-28 04:30:33, Info                  CBS    Read out cached package applicability for package:"
        ]
      },
      {
        "entity": "6.1.1.1",
        "total_count": 139,
        "anomaly_count": 127,
        "max_score": 63.01,
        "log_types": [
          "Unknown"
        ],
        "examples": [
          "2016-09-28 04:30:33, Info                  CBS    Read out cached package applicability for package:",
          "2016-09-28 04:30:34, Info                  CBS    Read out cached package applicability for package:"
        ]
      },
      {
        "entity": "Component_CBS",
        "total_count": 640,
        "anomaly_count": 40,
        "max_score": 59.44,
        "log_types": [
          "Windows"
        ],
        "examples": [
          "2016-09-28 04:30:31, Info                  CBS    SQM: Initializing online with Windows opt-in: Fals",
          "2016-09-28 04:30:31, Info                  CBS    SQM: Failed to start upload with file pattern: C:\\"
        ]
      },
      {
        "entity": "0.0.0.6",
        "total_count": 6,
        "anomaly_count": 5,
        "max_score": 56.28,
        "log_types": [
          "Unknown"
        ],
        "examples": [
          "2016-09-28 04:30:31, Info                  CSI    00000001@2016/9/27:20:30:31.455 WcpInitialize (wcp",
          "2016-09-28 04:30:31, Info                  CSI    00000002@2016/9/27:20:30:31.458 WcpInitialize (wcp"
        ]
      }
    ],
    "chains_detected": 1,
    "correlation_summary": "ACTIVE [CRITICAL]: 'Application Crash Loop' is occurring now. Immediate action needed: Apply circuit breaker, restart with clean state"
  },
  {
    "batch_id": "ALERT-BATCH-20260224T133846",
    "timestamp": "2026-02-24T13:38:46.142955",
    "log_file": "E:\\echo-log\\loghub\\OpenStack\\OpenStack_2k.log",
    "log_type": "OpenStack",
    "total_entries": 2000,
    "anomaly_count": 1473,
    "critical_count": 13,
    "high_count": 44,
    "alerts": [
      {
        "alert_id": "ALERT-CRITICAL_ESC-20260224T133846",
        "timestamp": "2026-02-24T13:38:46.142955",
        "hostname": "TUFA15",
        "log_file": "E:\\echo-log\\loghub\\OpenStack\\OpenStack_2k.log",
        "log_type": "OpenStack",
        "severity": "CRITICAL",
        "status": "ACTIVE",
        "chain_id": "critical_escalation",
        "chain_name": "Critical Anomaly Escalation",
        "description": "13 CRITICAL anomalies detected \u2014 immediate investigation required",
        "confidence": 100,
        "warning_count": 0,
        "failure_count": 13,
        "max_score": 0,
        "action_required": "Immediately review flagged log entries and escalate to on-call engineer",
        "top_entity": "10.11.10.1",
        "top_entity_anomalies": 806,
        "summary": "\ud83d\udea8 CRITICAL: 13 critical + 44 high anomalies in E:\\echo-log\\loghub\\OpenStack\\OpenStack_2k.log."
      },
      {
        "alert_id": "ALERT-MEMORY_EXHAU-20260224T133846",
        "timestamp": "2026-02-24T13:38:46.142955",
        "hostname": "TUFA15",
        "log_file": "E:\\echo-log\\loghub\\OpenStack\\OpenStack_2k.log",
        "log_type": "OpenStack",
        "severity": "MEDIUM",
        "status": "WARNING",
        "chain_id": "memory_exhaustion",
        "chain_name": "Memory Exhaustion Chain",
        "description": "Sequence leading to OOM kills",
        "confidence": 100,
        "warning_count": 17,
        "failure_count": 0,
        "max_score": 51.57,
        "action_required": "Restart memory-heavy processes or add swap space",
        "top_entity": "10.11.10.1",
        "top_entity_anomalies": 806,
        "summary": "\ud83d\udfe1 [MEDIUM] Memory Exhaustion Chain \u2014 100% confidence. 17 warnings, 0 failures. Top offender: 10.11.10.1 (806 anomalies). Action: Restart memory-heavy processes or add swap space"
      }
    ],
    "top_entities": [
      {
        "entity": "10.11.10.1",
        "total_count": 806,
        "anomaly_count": 806,
        "max_score": 67.74,
        "log_types": [
          "OpenStack"
        ],
        "examples": [
          "nova-api.log.1.2017-05-16_13:53:08 2017-05-16 00:00:00.008 25746 INFO nova.osapi_compute.wsgi.server",
          "nova-api.log.1.2017-05-16_13:53:08 2017-05-16 00:00:00.272 25746 INFO nova.osapi_compute.wsgi.server"
        ]
      },
      {
        "entity": "INFO",
        "total_count": 952,
        "anomaly_count": 425,
        "max_score": 97.53,
        "log_types": [
          "OpenStack"
        ],
        "examples": [
          "nova-compute.log.1.2017-05-16_13:55:31 2017-05-16 00:00:04.500 2931 INFO nova.compute.manager [req-3",
          "nova-compute.log.1.2017-05-16_13:55:31 2017-05-16 00:00:04.562 2931 INFO nova.compute.manager [req-3"
        ]
      },
      {
        "entity": "WARNING",
        "total_count": 31,
        "anomaly_count": 31,
        "max_score": 70.42,
        "log_types": [
          "OpenStack"
        ],
        "examples": [
          "nova-compute.log.1.2017-05-16_13:55:31 2017-05-16 00:00:20.345 2931 WARNING nova.virt.libvirt.imagec",
          "nova-compute.log.1.2017-05-16_13:55:31 2017-05-16 00:01:01.698 2931 WARNING nova.virt.libvirt.imagec"
        ]
      },
      {
        "entity": "10.11.21.132",
        "total_count": 21,
        "anomaly_count": 21,
        "max_score": 68.64,
        "log_types": [
          "OpenStack"
        ],
        "examples": [
          "nova-api.log.1.2017-05-16_13:53:08 2017-05-16 00:07:10.292 25776 INFO nova.metadata.wsgi.server [req",
          "nova-api.log.1.2017-05-16_13:53:08 2017-05-16 00:07:10.305 25776 INFO nova.metadata.wsgi.server [-] "
        ]
      },
      {
        "entity": "10.11.21.139",
        "total_count": 18,
        "anomaly_count": 18,
        "max_score": 68.15,
        "log_types": [
          "OpenStack"
        ],
        "examples": [
          "nova-api.log.1.2017-05-16_13:53:08 2017-05-16 00:11:59.816 25788 INFO nova.metadata.wsgi.server [req",
          "nova-api.log.1.2017-05-16_13:53:08 2017-05-16 00:11:59.826 25788 INFO nova.metadata.wsgi.server [-] "
        ]
      }
    ],
    "chains_detected": 1,
    "correlation_summary": "WARNING [MEDIUM]: Early signs of 'Memory Exhaustion Chain' detected. Recommended action: Restart memory-heavy processes or add swap space"
  }
]